id,label
52107,1
3222,1
102019,1
15651,2
18680,0
2993,1
23353,3
95465,1
54768,2
92212,0
34964,2
1317,3
49031,3
98062,0
38837,1
86851,2
63640,3
17439,2
62820,0
109740,0
1077,2
18872,3
115799,2
77986,1
80122,1
67545,0
12436,3
107615,3
72631,1
94268,2
10990,0
53018,2
96665,3
37290,2
61190,3
15437,2
21359,1
119474,2
115975,1
62630,2
16643,0
2923,3
58437,0
57677,2
63980,2
103681,0
2690,0
107543,3
29196,2
99124,2
3014,3
94339,3
20147,1
67388,2
113947,0
39196,3
108960,0
110193,3
111718,2
47964,2
68135,2
139,3
34398,3
44811,0
102119,0
50826,3
76423,0
5798,1
111723,1
110048,3
28308,2
116062,3
99932,1
57950,2
52239,3
81646,2
112630,2
95300,3
10946,0
65698,1
9306,0
63949,1
79025,2
11043,1
114576,2
86769,2
115278,1
39566,0
22054,3
59139,2
55207,1
112007,2
82061,0
23042,0
83921,3
77372,2
78888,0
11277,0
91329,3
44371,3
88531,1
50162,0
85528,3
3562,0
39293,1
116570,0
73129,2
20304,0
49707,2
81688,3
91639,0
9791,3
108192,2
22412,2
16839,1
65099,1
102710,0
98981,2
29001,1
9144,3
119652,3
103481,1
5298,3
11148,1
60289,1
94227,0
84603,1
37909,1
101941,3
20934,1
113215,0
19472,2
98105,3
93440,0
112157,0
111619,3
97351,0
17200,1
43675,3
84162,0
15728,2
31985,3
97277,3
88357,1
15146,3
16404,1
70988,2
115011,1
29172,2
94423,1
81898,1
47669,3
46899,3
21675,3
83404,1
73377,3
1005,2
108664,1
90738,3
95049,3
37165,0
71000,3
7006,0
19165,0
66097,2
95690,2
13939,0
116410,0
95482,2
48756,0
17543,3
57509,2
17562,3
82654,0
61644,2
104391,3
73325,1
105567,3
107799,1
103759,3
106710,0
106259,2
370,2
82765,0
31753,3
97716,1
86883,0
25426,3
96347,2
18284,0
50606,1
72676,0
84825,1
16552,3
105230,1
47568,0
49808,3
9861,0
81651,1
88432,0
4115,2
5216,1
40634,0
41943,1
82650,2
20378,0
50316,0
81726,1
58115,2
86339,2
26349,0
68779,0
54814,0
11021,3
108162,1
15049,1
20968,3
112539,1
72026,3
111131,2
86688,1
14017,0
36405,0
88867,0
22542,2
89244,3
2747,3
19489,1
82217,0
41176,3
85948,3
11673,1
16194,2
8120,2
55579,0
49500,0
1969,3
41631,1
104896,0
11962,3
118608,0
67291,0
62589,0
55122,1
43771,0
40629,2
81918,3
87915,2
62094,1
2912,3
62237,0
12979,1
580,0
109572,2
57457,3
79350,3
84337,2
47630,3
47153,1
73178,3
62125,3
89443,2
10059,3
92708,1
54089,2
7961,2
3414,3
36506,0
54085,1
113351,1
35296,2
31182,3
94083,3
54288,2
2538,0
76744,2
4359,3
21751,0
25708,1
75894,1
116374,0
47026,0
74218,3
102670,1
93015,2
52889,0
16579,1
96705,0
75843,0
19880,1
18455,3
115827,0
58147,1
118256,3
6883,0
10598,0
29270,3
86276,3
77620,3
91810,3
54703,3
107143,3
53721,0
98715,1
113924,3
10753,3
23443,2
41158,1
82985,2
2687,3
79480,1
99728,0
69518,3
8597,3
46528,3
32093,1
19151,3
74903,0
51832,3
62219,3
28766,0
40566,1
84457,2
25519,1
48071,3
23373,3
52235,3
103373,3
23223,2
58641,3
104042,1
58283,3
96124,2
2608,2
25673,1
15570,2
93615,3
80907,0
86678,2
28893,0
60214,0
26707,0
46251,2
83560,1
36070,3
113118,2
50601,3
108917,0
32323,1
19536,0
62795,1
63999,2
118790,2
85426,2
60650,3
64949,2
104324,0
118723,1
49300,1
89185,0
84007,3
111646,2
118720,3
98900,3
82149,0
2530,1
77386,2
57067,3
69512,1
84671,2
32089,0
100311,0
89226,3
8530,3
12167,2
23481,3
3004,3
72258,2
72495,2
48171,2
30343,1
45746,3
15524,3
70365,0
93679,3
27099,2
109791,0
39998,1
550,3
104447,2
94130,1
32073,0
95420,2
76230,1
100540,2
88254,1
81560,2
78920,0
80149,1
23707,2
6733,1
19910,2
27510,2
27153,0
6762,0
12740,0
91929,2
83893,2
22519,3
14776,3
40230,0
89388,0
64907,1
75388,0
43979,2
230,3
100800,3
49229,2
79396,3
72726,2
19629,3
44606,1
62788,3
87777,0
50275,0
63495,1
35031,1
58209,2
102,3
64991,1
68232,0
69157,2
14452,2
48347,0
52554,0
57727,2
53533,3
16917,3
81291,2
63561,1
38132,1
28666,3
34428,1
72514,3
51194,2
2543,3
113612,0
5209,2
36053,3
40300,3
31101,2
11103,1
93280,1
114216,1
80576,2
73122,2
68840,3
63467,0
97934,3
83708,0
112795,3
14549,2
57754,3
70788,1
79658,2
94969,2
17862,0
89161,3
50647,3
22917,2
33067,0
81192,2
109289,0
102826,1
75093,1
63992,3
40035,1
23311,1
20538,3
95928,3
60724,2
90390,2
76620,2
1966,2
116512,0
104939,0
71337,0
58447,0
75984,2
17772,1
29865,3
25539,3
111207,0
21612,0
2587,3
38437,1
29073,3
33225,1
28426,2
108087,2
637,1
84189,1
89846,1
37089,2
81056,0
74002,3
91782,3
69659,3
27449,1
26683,2
94521,2
67397,3
101085,1
69549,1
70603,0
35063,0
11896,3
70994,1
13454,0
103281,3
32012,0
75524,1
21471,2
117393,0
56554,1
43705,1
90488,0
104577,1
62940,1
91274,0
109568,2
74019,0
68413,2
118831,1
64482,2
18111,1
63787,1
4615,2
12419,1
101543,1
66399,0
116936,0
87216,0
57438,1
53602,0
33241,2
9321,1
9729,0
64622,2
10191,1
54473,3
77082,1
43251,1
99717,2
108967,3
95658,3
61279,3
45984,0
63683,2
21672,3
103502,1
94841,3
69852,1
102231,3
119921,0
80601,3
116110,1
35460,3
18029,3
16553,3
50457,3
73560,2
77917,2
80425,1
31689,1
27048,0
66419,3
101019,2
94829,2
81466,1
49770,0
94886,0
49319,2
16048,0
57935,1
41129,3
22122,2
20489,1
12543,3
16418,2
88987,2
94671,2
31440,3
44653,0
46688,1
44943,3
11533,0
64062,2
40989,3
83629,2
49171,2
35499,3
117192,0
77184,3
95436,1
75991,2
98295,1
48712,2
89959,1
37599,0
2640,1
50303,2
81422,2
93992,3
104435,1
77762,3
29508,2
83474,1
77489,0
93553,3
13443,3
6475,3
52524,2
94051,1
21444,1
76405,3
40620,0
92723,2
11953,0
119479,2
56322,0
27949,1
23853,3
47534,0
103639,0
30921,2
98191,1
27077,1
112707,1
34915,1
5910,3
117258,0
118083,2
15577,2
73849,1
71415,2
57592,2
72708,3
55536,1
66065,2
116030,2
68323,1
388,3
31694,0
19152,2
111123,2
114526,1
26765,3
17073,0
6159,0
101185,1
11781,1
38986,0
77884,3
24215,2
15022,0
114281,0
33346,3
61409,3
63634,2
105705,3
115232,1
75614,0
76088,2
28861,2
8819,3
41138,1
16514,3
107088,1
18445,0
46734,3
34519,3
20818,0
84827,1
42718,3
93422,0
101609,2
2908,2
77146,1
109059,0
87384,0
23189,3
37821,0
89870,0
71266,1
112379,2
110386,0
7111,1
67811,0
16248,1
106250,3
44256,1
100230,3
33927,3
10968,2
111703,3
16706,1
91510,3
108139,2
3766,0
37134,0
55364,3
82050,1
84966,1
86411,2
59134,0
111932,0
91361,0
115986,2
70646,0
87415,1
74234,1
25596,2
48837,2
115615,2
88963,3
87727,3
100695,3
67271,2
51595,3
102882,3
105766,1
52130,2
51046,2
92662,2
71390,0
48902,1
44229,0
96977,3
88304,2
40334,1
39435,0
102560,1
75252,2
19917,0
1607,2
45474,3
17071,0
73114,3
112278,2
113814,1
78034,2
91247,0
37620,3
40195,1
49023,1
82049,2
25273,3
25801,3
30586,2
71065,2
17626,2
15536,0
67720,2
93799,2
5185,1
37048,2
105824,3
46550,3
2819,2
9715,2
6392,1
78575,1
48352,0
95679,1
115802,3
10226,3
110539,0
25875,2
46988,2
105026,0
13785,3
35671,2
46309,2
12176,3
86561,2
53590,2
114542,0
108996,3
55913,0
27898,3
36927,2
81098,1
53794,1
14101,1
109693,1
96544,1
113506,0
87525,0
24766,3
109509,3
13321,1
41974,0
41121,3
73643,3
74578,0
11929,2
74174,3
118196,0
97969,1
44850,2
82508,0
69311,3
21985,3
6319,2
55974,0
63023,1
50013,0
89951,0
46862,0
88237,3
13705,3
45673,1
37244,2
33112,1
102368,3
116298,1
43119,0
62784,3
42617,2
115673,0
37464,2
103842,1
38194,3
60377,3
5533,1
67928,0
79221,1
89371,3
91185,0
25008,3
20639,1
118092,3
105090,3
112686,2
9305,2
69175,3
105637,0
71961,3
88112,0
24914,3
25135,1
110342,2
59407,1
90103,3
64631,0
24240,1
87328,1
7768,2
27810,1
60524,2
153,0
75397,0
83858,2
92739,3
58715,3
116193,0
25994,1
24262,1
49587,1
95333,3
96541,1
50909,1
48692,0
40938,1
35326,0
52942,3
71247,1
68505,0
35942,2
76277,1
100053,0
93395,0
85856,1
18805,2
58631,1
101768,0
6624,0
56422,3
18225,0
10568,2
52114,3
28862,1
98455,1
29350,2
64203,0
26954,2
107759,0
115972,3
43329,2
100628,3
105140,1
33996,3
105547,3
251,3
7217,0
4952,3
33277,0
23766,2
88524,0
43424,3
978,1
20772,1
68402,2
51870,2
99157,3
92420,3
92820,0
37893,2
58962,2
14606,2
18845,1
8996,3
88846,0
75670,3
93441,2
26392,3
90640,0
32405,1
40529,3
36753,2
43559,2
106348,1
94355,1
113241,0
75011,2
35510,3
101946,2
88632,0
8206,2
100403,2
96542,1
78995,0
17357,0
117737,1
88674,0
79298,0
22078,3
49798,0
32188,2
40593,1
19941,0
94479,1
115346,1
4397,3
18384,1
58839,2
58156,0
110748,0
23846,2
24665,2
55131,0
19684,3
34776,2
105975,1
18774,0
69176,3
57007,1
105781,2
66236,2
57515,3
50788,0
115040,1
107349,3
28995,2
109611,0
108308,0
105790,3
90140,3
1535,3
55081,2
32948,0
99582,1
43885,3
32368,1
71750,1
64124,0
12525,2
13298,1
71194,2
98520,2
115959,3
103416,1
33363,3
32611,1
116378,0
31964,1
101739,0
97384,1
15712,3
2244,1
61031,2
103669,0
11731,0
22039,1
97211,2
21816,3
45396,3
43521,1
75516,1
28411,0
12142,3
61242,3
76464,0
100847,2
22390,2
57426,1
2907,2
116717,2
100923,1
97748,0
88121,1
119897,0
51100,3
115019,0
30718,3
55947,1
81266,1
74682,0
114306,1
107780,2
69850,2
19170,1
19356,3
57482,3
9763,0
75099,3
49019,3
117645,2
3548,3
53970,2
62978,3
65213,2
22808,1
109485,0
83171,1
44062,3
68785,1
44145,2
9559,2
43712,2
2074,0
21511,0
106923,0
7421,2
34090,0
44310,3
29549,3
54989,1
79474,1
87449,3
14810,2
575,0
51363,1
67041,2
116729,0
33134,0
76452,3
51908,0
39662,2
49687,1
104913,3
16556,3
7340,0
80329,1
22968,2
1643,3
53198,3
6291,2
110795,1
5202,1
84456,0
63043,1
73878,0
93493,2
60086,1
97593,0
78435,0
85211,0
5984,2
43232,0
103143,2
19293,2
7786,3
87967,2
108909,2
90453,0
35787,3
102834,1
9672,0
86935,3
61843,0
79104,0
112576,0
29364,2
17197,2
60552,0
85425,2
25249,1
6285,0
108718,1
103870,2
87667,1
98144,1
77685,1
93746,0
5329,0
57365,1
18294,1
60934,3
69795,0
103591,0
119657,0
49043,3
92628,2
112079,1
3404,0
54079,3
6752,3
41591,2
106119,3
15821,2
24302,2
84986,0
62443,1
96791,1
45142,2
13576,0
59853,1
114790,3
11562,3
93501,0
23539,3
64672,0
57503,2
98710,2
63910,1
78748,1
60354,3
87447,3
33318,2
25315,0
66061,0
81652,2
98528,1
30845,2
94536,1
119743,1
14468,2
63527,0
81859,1
23179,1
91893,2
74146,0
91040,2
24093,1
119141,1
95709,2
31433,0
107800,0
31701,0
37238,3
44391,3
805,1
102773,0
48383,1
67311,3
75811,2
65919,2
74833,1
37624,3
65259,1
80145,2
49022,2
29173,0
61067,3
52948,0
7808,2
93042,1
101874,0
76915,1
23920,3
52111,0
18664,0
91607,3
22721,0
34684,1
56100,0
24077,3
102565,1
12884,1
110013,2
21412,1
97639,1
1662,1
45994,0
73825,0
7928,1
105837,0
54416,2
61454,2
34337,1
26387,2
5689,1
58479,3
112749,3
111060,1
54753,2
99147,3
20132,1
48097,1
2245,2
35207,1
93874,0
108319,1
95048,2
94827,1
6852,1
64687,2
82820,2
5704,1
69790,2
59610,1
1406,0
113584,1
23032,2
59067,2
20488,0
48649,0
93981,3
8606,3
53283,3
89461,1
10004,2
66413,0
3337,0
29710,3
28601,3
103487,1
104944,0
32174,1
74144,2
87712,1
57845,2
113684,2
6635,0
103347,1
3872,0
31387,1
70139,3
45946,3
86159,3
52302,3
79884,0
77404,1
59480,2
13377,3
73480,0
88400,1
56373,0
439,1
90915,1
89065,1
65847,3
91035,0
4916,1
73483,1
119321,3
64393,2
24840,1
93676,2
104144,2
88643,0
78152,1
13051,0
93290,2
82623,3
19858,3
81479,1
19711,0
36669,1
101067,2
38554,1
46757,3
28538,3
110197,0
7821,3
114862,3
60973,0
22392,2
119125,1
94668,3
24364,1
90012,0
95834,0
108948,0
33606,3
15481,0
78614,1
75924,3
59902,0
65165,3
101201,1
80356,3
57608,0
55382,0
98339,1
20142,2
75931,3
40800,3
110672,2
25813,1
116027,2
116479,1
100442,1
17884,1
112924,0
64755,3
52785,1
89450,3
35244,3
26248,1
53864,1
5710,0
19117,1
46820,3
103092,0
52591,2
89745,0
48321,0
27140,0
75164,0
115004,2
66461,0
42276,1
95694,2
56123,2
76369,0
45409,2
15615,0
5889,1
107511,3
105946,3
99248,1
104565,1
57532,2
57687,3
19207,0
103546,0
81937,3
84036,3
79604,0
26286,3
119725,3
91674,3
60714,1
21521,1
70589,1
86639,0
111334,2
8886,2
110658,1
119077,2
90439,3
61448,1
37526,3
74555,2
74668,2
15451,0
67188,1
100491,2
57833,1
29307,1
46916,0
59812,3
29415,1
87002,3
54586,2
50685,3
42299,1
47354,0
97808,0
44369,0
30885,2
101150,0
23783,3
42,2
33637,2
72198,3
93036,3
102179,2
14587,2
15315,3
46155,2
113943,1
74070,2
32099,2
119117,3
96580,3
10852,3
48956,1
42820,1
18254,2
113791,1
118402,3
88917,2
9911,0
40181,1
97987,2
18869,0
46085,3
781,1
38735,3
44948,2
66937,2
66191,3
15946,2
80642,0
64489,1
25208,0
117430,2
33870,1
48027,3
59623,1
29682,2
101151,1
9562,1
8096,0
3110,0
118630,2
45852,0
106286,3
53228,3
74802,1
38872,1
104917,1
68217,1
42760,2
10476,2
17501,3
1580,2
5155,2
111719,2
115574,3
87418,0
10964,1
34934,2
54434,3
42750,2
100071,3
49290,3
4948,2
91492,3
32320,3
107353,3
99459,1
81046,0
62611,1
105749,3
59250,3
36602,2
59587,2
69045,3
75819,3
32164,0
71360,1
89463,0
108972,1
109088,0
10806,0
104854,2
79685,0
65839,2
8596,2
47156,0
51033,3
53585,2
34082,1
117155,2
112316,3
15097,1
83651,1
74986,3
85639,2
84215,2
99955,3
60215,0
12628,3
29335,1
89468,3
81836,1
87083,2
94755,1
99002,2
93614,2
30930,3
56703,3
58171,0
8745,2
3203,1
63774,3
18920,2
49696,2
74401,1
18674,2
93842,3
23322,2
4636,2
41861,2
64108,0
69295,1
22976,0
43021,0
54199,0
36338,3
44467,2
83965,2
34099,2
23066,3
46001,3
106068,2
92443,3
4523,2
33465,3
109917,3
18076,0
59684,2
21207,1
80168,1
19462,0
3132,1
87668,0
102486,0
7777,1
15567,2
66193,3
65975,3
43402,1
32681,0
89307,2
90370,1
69822,3
50724,0
86550,2
104268,1
62897,1
59593,3
38989,1
115389,0
77854,2
89982,1
31383,0
33875,1
8117,0
3440,1
81551,3
95857,1
102224,0
41290,3
52620,3
26317,2
66310,3
118607,0
82704,2
92953,1
34157,2
69876,0
66383,3
117787,0
70001,1
109636,0
5022,0
36354,2
107582,2
81021,3
98579,2
67227,1
44387,2
97750,0
15800,1
37895,2
74837,0
1661,3
117825,0
70252,3
75447,3
84141,3
36909,2
27128,2
103778,1
114075,3
45950,1
44463,1
65717,2
70314,0
45850,3
104218,2
8639,2
114570,0
18999,2
37529,3
29191,1
61247,2
119129,0
108303,1
11692,1
109026,1
3127,0
111238,1
32928,1
116497,2
82067,3
117692,2
15300,1
101348,2
4305,0
98320,3
18006,3
20989,3
118394,1
100232,2
3174,3
2408,0
10062,1
35796,2
99830,2
10187,3
67926,0
51675,3
6242,0
10091,2
36981,3
38763,0
104290,2
103035,0
47968,1
12632,1
8039,2
61008,2
25557,0
116462,0
103433,0
112358,2
104291,2
60592,1
59976,1
51946,0
22648,2
60761,1
60667,3
43971,1
21519,0
12516,3
111422,2
65271,2
107168,2
9157,2
66849,1
97718,0
91980,3
40933,3
88623,3
93626,3
9841,0
62436,1
25977,1
52012,3
46158,0
88855,1
84111,3
80348,0
84691,3
55228,1
118076,1
25062,1
119994,0
47249,3
47761,1
22023,1
51285,3
2032,1
72794,3
40906,3
97550,1
111019,3
28677,3
83077,1
41148,1
58862,1
34399,3
57954,0
26596,2
22786,2
93475,3
44410,1
74448,0
8592,1
12814,0
90323,2
96861,2
71421,0
1519,1
20380,1
104835,3
80007,2
95604,0
98490,2
113301,1
52834,0
13505,0
109730,1
8851,2
88241,3
115284,2
295,2
95136,2
77968,1
82196,3
18962,1
52562,3
90887,0
113999,2
72117,2
47632,3
109667,1
105162,3
36294,3
86443,2
4025,2
23689,2
1078,2
68817,0
40416,1
12357,3
17393,0
34889,3
34300,1
34602,3
20983,2
76746,1
92126,3
3861,2
106167,2
11748,3
28484,2
49611,3
1405,1
20803,0
25749,1
77551,3
46772,1
58829,3
22284,1
68924,1
54486,2
22318,0
3182,3
70251,2
27528,0
3505,2
119779,0
68631,2
18148,2
42448,2
85346,2
13733,0
80681,2
67536,1
90309,3
107207,2
28451,2
104482,0
57811,0
26448,0
96434,3
63962,3
99230,3
118189,1
55787,1
108748,0
76034,2
40923,0
25235,1
9949,2
22595,1
45703,2
49341,1
16319,0
70777,0
80138,0
45470,1
86814,2
50199,1
58532,3
3636,0
12936,1
29190,0
112489,0
28750,2
77451,3
96027,2
101102,2
37834,2
65664,3
11510,2
3142,3
102267,1
59545,1
32616,0
857,1
46681,3
118910,3
110779,3
86061,1
54347,0
78203,0
98646,0
112432,0
31008,2
58821,1
95812,1
69917,1
118614,2
79793,2
87874,3
60146,0
49307,3
20094,0
110960,3
69869,1
169,3
100378,2
102630,1
9859,3
36163,3
27422,0
119711,1
2359,2
117419,2
109320,1
30023,3
27014,3
19575,0
20526,1
43950,0
118049,0
69037,3
116510,0
3501,2
58847,0
88900,0
48343,0
91106,3
61860,2
85405,3
37440,2
112194,2
49736,2
24427,1
9518,3
80814,2
113435,2
44164,3
16,3
5270,2
52575,1
114781,1
107588,1
109776,2
23982,3
47298,1
102728,1
111706,1
6527,2
90574,1
9176,3
33009,2
28872,2
30122,1
93502,0
116101,0
92959,3
24341,0
99910,1
10362,2
41707,2
42438,0
2094,3
31398,1
44876,3
23027,3
49995,0
15041,3
53135,2
116436,1
43222,1
82264,1
98582,2
104998,0
119267,0
55404,1
113057,0
7820,3
79707,1
25422,0
110879,2
67603,3
92747,3
46963,2
117241,1
72529,2
12964,1
77003,1
54200,0
106934,3
50812,1
14132,0
37985,3
104395,2
54016,0
38785,3
66533,2
110456,1
73299,2
11741,3
104401,3
49322,2
30241,0
40113,3
21807,3
102821,0
59284,3
1326,3
32268,0
41228,3
75689,1
1089,1
111330,1
74108,1
2709,2
112166,1
77950,1
18205,0
19833,2
107691,1
66768,1
119351,2
476,1
40910,3
54579,3
19788,3
79690,0
16695,3
115485,2
33743,3
115179,2
13455,0
20056,3
60434,1
27947,1
37448,2
19557,0
22149,3
96652,2
100286,1
40625,3
93692,1
10375,1
70722,1
69557,0
75827,1
63645,1
16074,0
79355,3
66997,2
60718,3
68115,2
1936,0
39039,1
24733,0
90127,1
40432,1
23261,3
59765,3
49992,3
92296,3
29659,2
20714,3
76460,1
67712,1
85182,0
15077,3
27708,0
6986,0
108726,1
35756,1
18605,0
75928,3
47586,1
46951,2
69607,3
67846,0
26528,0
110916,0
10843,3
102116,1
85334,2
32118,1
66598,3
51971,3
49226,1
105662,2
106916,2
80092,0
75077,3
28850,3
45069,1
63895,3
38546,3
79285,3
77455,1
90066,3
49111,2
37982,1
114139,1
21,2
73540,3
23757,2
68357,2
41894,0
31476,2
20767,0
83598,0
71474,3
64595,0
92567,3
70838,1
99239,3
9525,0
48502,0
712,3
12823,1
77251,3
80837,1
76788,1
101620,1
34701,3
5411,0
100193,2
36197,3
26365,0
39580,1
34187,0
81335,3
95706,0
44851,2
5249,2
17023,0
31558,3
98119,1
95521,2
90622,1
111586,3
80959,0
31341,1
40509,0
84427,3
70398,1
98925,3
90939,0
115876,0
30084,3
64221,1
75954,3
66162,0
53734,1
100077,3
68071,1
104179,3
69777,0
9783,0
90199,3
17748,2
105080,2
36047,3
42723,2
78884,2
38516,1
78520,1
18301,1
21099,3
3469,1
107020,2
26045,3
85499,3
102322,0
95891,0
21348,2
116528,2
112014,2
37441,3
117360,2
10985,1
53971,3
15967,0
19482,0
72921,0
119230,3
95697,3
40173,1
113562,3
94366,3
95678,0
36971,0
101238,2
41090,0
111788,2
107286,3
21721,3
87003,0
61558,1
98966,2
73382,3
10259,0
50982,2
4044,3
84201,0
102187,2
86239,2
118471,1
68276,1
29485,0
74377,0
115286,3
30025,2
25213,0
54386,2
38365,0
447,1
74630,1
92377,3
87659,2
25857,3
108353,3
42952,3
59777,3
54388,1
89048,3
88214,3
86640,0
33292,3
27576,1
112560,1
12213,3
109234,0
62273,1
98674,3
88664,2
71274,3
9998,2
7484,0
62118,1
38421,2
13502,0
55076,2
14902,2
111386,3
106305,3
73902,2
28814,2
13936,2
59481,3
11118,3
54478,3
86221,1
32985,0
7555,3
49472,1
93495,1
71399,1
81201,2
31448,0
118305,3
68602,3
48494,2
118540,0
92073,1
25081,1
20218,0
38677,2
52581,1
53683,2
40192,0
83073,3
92956,0
1641,3
81606,2
49429,3
84696,2
22867,3
49358,3
63786,2
48915,0
105073,3
109772,0
13987,1
21958,2
112262,1
39999,3
15917,3
25010,2
107244,3
22579,1
29139,0
100532,2
18677,1
19395,0
1712,0
79804,2
111787,2
26723,1
105994,3
43358,0
119805,0
22474,2
20557,2
110590,3
4098,0
108370,1
78827,2
113098,2
70502,2
94273,1
102326,0
100755,0
96250,0
60122,0
57307,3
77411,0
99475,2
6182,2
949,3
113206,0
49603,1
9240,0
43254,0
67778,2
85859,1
77250,2
61499,3
62585,1
8316,2
69247,3
70768,1
10872,1
106782,0
112820,3
34984,3
95259,2
116969,3
13215,0
15669,1
73683,2
21925,3
10134,2
36729,3
48017,3
52690,2
60110,2
30758,0
34957,0
26668,1
114379,2
58408,2
17949,0
66181,2
118099,1
44586,1
24046,0
67349,3
77545,2
23151,0
95119,3
74507,3
65226,2
33914,2
10210,3
45857,1
118681,2
114396,2
106618,3
27560,3
14370,0
73507,3
15332,3
115857,2
21640,1
58846,1
4972,0
62386,0
47786,1
49894,0
63822,0
15037,2
79325,1
25679,3
114238,2
116202,0
81279,2
104877,2
72848,2
39862,3
94883,2
62065,0
49596,3
35319,1
1512,3
4444,2
82723,1
80546,1
24258,1
61225,3
15847,1
56545,2
20645,0
3288,0
89246,3
74602,0
88443,1
103325,1
62354,0
90090,3
107820,1
41538,0
50257,1
98388,3
72166,2
25082,1
9030,2
61188,1
61367,2
3322,1
18004,2
67077,2
43330,2
69597,0
103707,2
68926,2
87131,2
29686,1
91656,2
71467,0
6278,2
80193,3
2176,0
37855,1
6681,0
24329,3
106058,1
106145,0
7964,3
30687,0
104607,2
37349,2
110105,2
90935,3
14892,2
41695,1
64953,2
84232,0
39839,1
67631,2
94058,0
37998,1
43216,2
57358,1
79918,1
23120,2
47021,0
84707,1
57383,1
57981,0
112013,2
88575,0
82715,3
119586,0
102888,3
23596,0
47583,0
40977,3
67023,2
60767,2
57550,2
2704,0
102157,2
69147,3
107446,2
2384,0
117464,3
104798,0
38788,3
109329,3
27448,0
15002,1
109535,1
4904,1
35046,0
45190,0
107645,1
82603,3
37274,3
46445,3
110662,0
81871,0
116861,2
18754,1
107735,2
37147,2
60007,1
106548,2
106926,3
27427,2
76661,3
54389,2
24889,1
104907,2
111761,3
97221,1
17464,0
5150,0
64491,2
21058,0
115588,2
95290,3
102204,0
114407,2
100882,0
23636,1
33713,2
8640,2
83966,1
91651,3
41320,2
78093,1
107781,0
106451,3
78336,2
54697,3
10758,0
76814,2
72949,2
30471,1
27649,1
116657,2
113427,3
27478,0
40902,0
46130,3
82634,2
33477,0
98875,2
102848,1
9095,0
117851,0
83942,1
61958,0
91711,1
8137,3
55596,0
110822,0
111215,2
59747,3
55267,0
83844,3
60478,3
110875,3
1002,1
69397,2
24166,2
29642,2
118909,3
19061,2
102288,0
6921,1
22674,2
100236,1
42634,3
14944,1
16198,0
45258,3
19625,0
32061,3
34184,1
38049,1
6589,1
51817,0
57541,2
108674,2
89403,3
80476,1
88607,2
10961,1
70890,0
111781,0
87605,1
79818,2
7900,3
13001,1
34495,2
27318,0
114470,1
118780,2
17583,2
78468,0
93430,3
42860,0
86776,2
8173,0
55626,3
82775,1
6425,0
22964,0
108243,3
26193,3
1176,3
108850,1
26566,1
116741,3
73575,3
15116,0
108525,2
19542,1
23398,2
97646,0
106342,0
114032,1
40247,3
3638,2
114688,3
31581,2
30252,0
88501,1
90396,3
11865,2
40050,1
50322,1
115861,3
15396,3
20501,2
7668,3
57805,3
109308,3
28222,3
109317,1
82717,3
14014,1
43209,2
49246,1
3525,1
51819,1
69744,1
109811,2
105016,1
93905,1
94635,0
3891,2
2506,1
60745,3
94009,0
3111,3
73050,1
74513,0
110095,3
57296,1
52252,0
4512,2
116406,1
74554,3
57516,3
65621,1
10561,1
10024,1
105912,0
14120,0
41575,3
78668,0
42894,1
46039,1
82902,2
115715,3
28142,2
15763,2
71303,0
99711,0
80248,1
46984,0
75372,2
116487,0
44893,0
102453,1
23896,0
112109,1
55229,1
98776,3
50064,2
77736,0
101014,3
90596,2
89757,0
73570,3
62346,1
47493,0
31683,1
52786,1
24310,1
79676,2
19741,0
93522,1
8877,3
86756,1
29703,2
5331,3
91027,3
40547,0
78451,1
44188,2
20741,3
23217,2
9005,2
62254,0
65889,3
24545,0
88819,3
3823,2
81408,0
42949,0
116935,0
61848,2
46113,2
76425,3
55350,2
95272,3
101650,1
78899,0
42586,3
31732,1
24267,1
42729,3
74614,3
17133,0
33500,3
52425,2
17524,3
110632,0
4529,2
41348,1
59715,1
104546,2
49872,3
80929,3
12896,3
119894,0
39143,0
6132,1
50116,2
54699,1
72167,2
50155,2
12317,0
41200,2
109350,0
20497,2
89353,1
52788,0
77262,3
61993,0
55385,0
2999,3
51182,3
70957,1
63414,1
105330,3
88585,1
8494,0
30738,3
18296,0
82267,3
39038,1
46382,3
87731,1
97107,0
55170,3
112876,0
49293,3
31165,0
76653,3
78965,3
91793,0
36226,3
101672,0
22299,0
29441,2
56321,2
117319,1
58129,2
56621,1
33136,3
41570,1
100994,0
89525,1
34232,2
1632,3
9524,1
43652,0
100720,0
115717,2
95301,2
4103,2
86804,2
71943,2
107201,2
57131,1
71690,0
85496,3
13390,1
95999,3
21126,3
2881,1
69680,0
92765,1
30605,3
77837,1
8258,2
44234,1
25277,1
62312,1
14258,3
70720,0
93707,0
83417,1
756,3
100778,2
12197,3
96753,3
39137,3
12889,0
62565,1
24486,0
118019,0
29565,2
99943,1
46639,2
21298,0
116106,2
5273,0
33833,0
45942,0
70652,1
41385,1
26104,0
1169,3
7190,1
74113,2
41810,1
34818,0
119228,2
4767,1
51826,1
70895,0
58388,0
34414,2
59380,0
112972,3
33820,1
92640,2
80129,3
26685,3
89379,2
78039,0
17619,0
38296,2
107822,1
106388,1
109878,3
595,1
6144,3
21070,0
6678,3
100713,1
109543,0
53430,0
358,3
37811,2
27102,1
22916,2
55048,2
9347,0
84100,3
938,0
34894,3
15870,2
109862,2
119311,2
67222,3
55718,0
63355,3
30410,3
60748,2
115744,2
42026,2
20125,0
91015,1
94847,1
4513,2
108382,2
74519,0
33311,3
1886,1
110903,0
79417,3
96370,3
80552,2
18893,2
6232,0
11590,0
115585,2
84382,1
101804,2
12945,3
98874,1
59934,2
12478,3
15791,1
86407,3
2981,0
91857,1
8468,1
34999,2
101262,0
95840,2
92330,3
60439,3
65202,2
44985,0
87428,1
110567,1
90766,1
49796,3
77956,1
27178,0
99373,3
71775,0
91935,0
72442,1
93180,2
119060,3
79766,2
86252,3
53277,2
4051,2
22576,1
79105,1
116788,3
90332,2
93463,3
66242,2
43055,2
25006,2
22935,2
27544,0
722,3
17351,0
7308,0
7958,3
89261,2
15094,1
74654,3
53364,0
58451,3
19524,3
53156,0
61177,0
118891,2
56070,1
99154,3
46026,2
92488,3
34369,3
86870,2
63103,2
51267,1
109051,2
19957,2
86123,3
82900,2
119643,3
95024,0
46987,2
27842,2
96308,1
78293,0
88683,0
42203,0
110936,3
29075,1
92813,0
79516,1
107560,1
75106,3
36193,2
24811,0
103008,1
53137,0
71159,2
117414,2
81576,1
99674,2
29739,1
118936,3
62458,1
36461,1
59045,3
48062,1
11437,1
91839,1
39865,0
7576,0
55737,1
39012,1
14296,1
32684,1
92513,3
115714,3
44341,2
108057,1
44316,3
111926,1
8030,2
83277,1
4850,2
112485,2
51742,2
88517,2
37630,1
17183,2
74360,1
89436,1
100807,1
95294,3
23889,2
31614,2
99626,2
54653,0
21232,1
14920,1
13654,2
28145,3
31635,3
81100,2
75491,3
17532,3
56684,3
15387,1
99408,3
117468,2
102236,0
48478,2
81215,0
21261,3
7439,2
65485,1
73333,0
106110,1
112409,1
103548,1
44238,3
11787,3
61987,0
65826,2
104255,1
84607,0
19405,3
43661,2
31790,1
26090,2
66227,3
39545,1
51391,2
5454,1
85708,0
80389,2
113554,0
14473,1
411,3
22888,2
7285,1
109113,0
50527,2
53707,3
51705,3
75846,1
27274,3
39755,0
105520,2
76819,0
9293,1
57744,1
36612,3
64738,2
91952,1
101171,2
56769,2
26236,1
88521,0
95820,3
101363,0
3541,1
89467,1
91948,1
51668,2
22115,1
57791,1
106085,1
32465,1
3126,1
95609,3
50885,2
73200,3
42198,1
95924,2
2985,0
98319,2
29711,3
36331,2
38854,2
55854,1
75950,0
119908,1
12093,3
96299,2
46936,2
94331,3
101342,0
111641,2
59436,3
5840,2
119487,1
63314,1
113847,3
99634,1
94707,3
22004,0
36105,3
95790,3
103960,0
14124,1
25416,1
109581,1
69788,0
20707,3
102441,1
13631,1
13264,0
7528,0
83822,0
20322,2
32279,1
70198,1
18899,1
68757,1
31212,1
26163,1
85422,0
102264,2
72368,3
91075,0
27655,0
83711,2
81187,1
63607,0
31056,3
102094,3
102805,1
88822,3
30606,3
9669,1
18356,1
10971,2
14547,1
56438,0
106626,3
78834,0
23155,0
119849,1
6471,0
7923,0
24135,3
25686,3
1487,1
36347,0
99137,3
78225,0
48530,0
32103,2
12276,0
102593,3
47818,1
24571,2
28346,2
49963,0
17070,0
84123,1
91206,0
111348,3
35100,1
100707,3
45259,2
76191,1
65762,3
20195,1
116807,1
5110,3
64235,3
33162,2
75470,2
47158,2
70170,3
58094,1
45111,0
104825,0
23979,3
97527,1
26143,3
76572,3
27348,3
17465,0
88655,1
44401,3
14280,0
103973,3
92300,0
96297,2
100605,1
110602,3
98411,2
61281,3
71659,3
56075,0
39180,1
44362,2
32934,1
105995,0
14730,0
14805,2
47143,1
2571,0
13363,0
36335,1
96483,0
60016,0
63882,0
7143,3
33737,3
669,2
61231,0
3748,0
51774,3
65448,0
62337,0
18844,1
118533,1
51272,1
25925,2
100321,2
1781,0
26008,3
94201,2
347,3
49900,1
5956,0
70083,2
92979,0
75115,0
84094,1
118830,1
39101,1
87826,3
59121,3
59388,2
63062,2
26512,1
77164,2
69997,3
54155,0
2111,2
110496,2
62629,2
94456,3
117926,0
104134,3
19459,1
46302,0
92543,1
86954,2
23752,3
61582,2
55275,0
3609,2
56197,1
16749,0
77555,0
23156,0
33627,3
30602,0
90927,3
42831,1
86335,1
28645,1
84975,0
15668,2
86093,3
103261,3
13143,0
105545,1
322,3
118250,2
112606,2
85926,2
55171,0
25503,0
41777,0
73843,2
27060,3
17412,1
49543,3
15211,2
56029,0
35020,3
104855,3
4713,0
30026,0
23713,2
118577,3
30039,2
66995,2
30100,0
63775,0
23908,0
16202,1
75877,2
57130,3
17375,1
60512,1
59343,0
5274,2
37437,0
118950,1
83307,3
57821,3
27462,3
61004,1
110816,3
63142,0
79753,1
12165,1
59151,0
22997,3
83076,3
30872,0
89352,1
91610,1
118566,0
17791,1
67016,1
94297,3
4805,0
119516,3
75192,3
56354,1
26531,3
33468,2
84605,2
101304,3
73677,1
3551,0
91292,2
7409,3
44978,2
44334,0
107555,2
22958,2
102688,1
102581,0
30993,2
20252,0
90552,0
2018,1
7558,0
76237,1
32256,1
46678,2
50374,1
67475,0
16662,3
86373,0
77711,3
90933,3
40592,1
70542,1
78111,0
4340,3
22418,2
19004,0
82228,3
17638,2
103913,2
118359,3
915,2
14210,2
110119,1
70270,1
115339,2
25662,0
76698,1
75027,3
28275,1
26011,0
65984,0
58422,0
18718,1
89385,3
69149,0
3193,0
110814,2
88762,3
8666,0
63568,0
43768,1
65038,1
84928,0
45960,2
65335,3
58290,1
13174,1
91083,2
54013,0
82769,3
55590,1
7029,1
106216,3
73603,3
75085,2
12175,2
69390,2
88462,3
44405,2
47373,0
15512,2
89471,2
14039,0
14567,3
57329,0
54922,3
51734,2
105308,0
53486,2
86460,2
44846,2
7509,2
112740,2
75582,2
96606,1
86130,0
103771,3
88343,1
63230,3
94162,0
104464,2
8267,1
42009,0
69351,0
57425,1
39375,0
51987,2
9522,1
64487,0
49703,3
23564,1
116677,2
88801,0
36261,0
105213,1
41624,3
33655,0
33874,2
82366,0
100704,3
28322,3
113431,1
23137,1
36446,3
56859,1
77708,0
27515,2
2813,2
112438,0
88879,0
79144,2
46151,0
51996,1
97612,1
26910,0
64572,2
69017,1
116734,2
86484,3
102703,0
78694,1
6820,1
67387,2
52133,2
44816,0
22993,3
60560,0
43730,3
85956,1
102366,2
54526,0
52751,2
7091,1
7228,1
64562,2
101462,0
65690,0
15182,1
55920,2
14470,3
94328,2
11468,0
1491,2
1354,3
84837,0
71429,0
102283,1
18315,1
70176,0
1711,1
50408,0
86917,0
3120,2
58490,0
109251,0
65997,3
60249,0
1683,2
52935,3
87318,2
26693,0
117541,3
27589,1
99467,2
93063,0
63378,2
1039,2
79759,1
39933,1
49260,3
85981,0
95538,2
116660,0
86171,2
6587,3
88969,3
80821,1
9267,0
55465,1
26749,0
54600,0
115139,1
51872,2
54911,3
1483,2
71422,0
74462,3
110668,2
54498,3
33260,0
29913,1
44430,3
70118,2
78567,2
69970,3
114794,2
108061,2
67332,2
98793,0
98145,1
37109,0
68974,0
110479,2
81265,1
65113,2
50235,3
51896,0
99661,2
37260,0
61182,0
20048,1
47819,0
38527,3
118257,3
113840,0
737,3
7327,0
57346,2
43274,1
103939,3
89631,1
113732,2
10238,0
30563,1
21008,0
24854,0
86764,0
88968,0
80599,0
77681,1
107110,3
32549,3
90620,0
62509,0
97882,3
97274,1
33306,2
103862,3
65298,1
73727,2
54868,2
2750,1
2525,2
1154,1
74375,2
32110,2
56255,2
98006,3
102737,1
32993,2
60131,1
102776,3
76089,2
81943,2
41847,1
20041,0
38806,0
58401,0
11020,3
5830,2
4307,3
39567,0
26732,0
39499,1
74,2
70262,1
56504,2
27472,1
35213,2
67330,2
9264,3
40721,0
42965,0
3937,0
13222,0
33735,2
85796,1
95942,2
30456,0
7328,0
101470,3
105139,1
90965,3
100554,0
21259,3
36398,3
111079,2
12581,3
6708,1
53021,1
31734,0
25655,3
38338,3
42328,0
64908,1
98863,2
96635,2
75104,1
24091,3
11013,3
25307,1
101473,2
59248,0
38262,3
95088,3
61629,3
49383,3
34958,2
29408,0
104451,3
47430,1
78416,2
29941,0
46055,1
98063,0
114348,0
919,0
16046,3
41341,3
20590,0
15292,1
51316,2
54595,3
72716,3
59490,2
47566,2
44201,3
47195,1
110042,0
47283,0
19350,3
102788,1
112930,1
74645,0
37279,0
76396,0
98726,2
33593,3
72000,3
30781,0
26957,3
82653,0
51667,0
66464,0
18507,1
71632,2
12959,2
6623,0
41761,1
33056,1
96490,0
28591,0
67823,1
109277,3
33755,0
103055,2
98146,1
100246,2
116135,3
64040,2
119916,0
79361,2
49511,3
2215,1
17671,3
86622,2
16774,1
94474,1
99495,2
68337,2
106391,0
45853,0
58288,1
30577,2
40630,2
92503,3
87190,3
94552,0
30819,0
100396,0
8589,3
65562,1
21185,2
94025,0
25131,2
65080,3
93720,0
42857,1
2553,2
59980,1
4745,3
116909,2
29065,0
32257,0
23259,2
71174,1
101685,0
111385,3
40255,1
23101,3
20174,2
111911,1
3391,0
42349,3
29968,3
34599,0
74666,0
61048,2
21174,1
113336,0
107480,0
17740,2
43918,2
77795,1
7135,3
14476,1
33223,1
56113,1
64057,0
48631,1
40226,0
25281,1
35513,0
31531,0
23858,3
56672,1
63679,0
37309,3
43313,1
24831,0
26620,3
28250,0
55338,0
22228,3
101673,0
25179,1
95487,1
113841,1
101652,0
52377,2
67599,2
15819,2
46078,1
38153,2
91971,2
71129,1
57101,1
80977,1
47840,1
54342,0
22671,2
69216,2
104354,2
46073,2
46257,3
65527,3
73187,3
78046,0
25733,1
25568,3
32792,0
43548,2
73216,3
59372,3
55179,1
83003,2
34950,3
98942,3
32306,1
102146,2
92521,0
10683,1
49464,0
21660,2
53086,3
57019,2
95910,0
5885,2
9573,3
50087,0
101334,3
87869,2
53396,2
67717,0
81728,2
69076,2
9492,2
60762,0
89903,0
26007,3
116154,3
53700,1
68425,2
40464,3
81916,2
74997,1
4401,3
118747,3
44933,3
98341,1
19912,0
56702,3
49821,2
106913,2
22475,3
18757,0
61649,3
55214,1
21283,0
107364,1
111331,1
36442,3
64664,2
37611,3
109894,2
11200,1
26898,3
53728,1
630,1
38327,2
26616,3
13710,1
8921,1
10304,1
27001,0
42271,0
81716,0
94866,1
22778,3
46165,1
52038,1
41737,1
117881,1
82647,1
46453,2
114701,0
2781,2
85502,0
70410,2
88857,0
21050,2
108076,0
73522,0
44596,3
51849,0
11940,1
103605,0
119625,0
5794,0
46436,1
69585,1
118907,3
73994,0
6370,3
560,1
70267,0
13008,1
14829,3
59848,0
40866,2
107084,2
4403,0
84438,2
119870,0
31358,0
70481,3
114049,2
48179,1
67416,0
113691,1
106897,3
20568,0
107846,0
37731,1
107512,3
10120,3
63545,0
107430,0
55553,2
108544,2
118240,0
108337,2
63831,3
108821,0
89992,0
85404,3
108528,1
64034,0
39352,0
77151,0
87141,1
62260,3
72265,0
33299,3
31119,2
1929,3
119173,0
70095,0
9423,2
12568,1
25756,3
19834,2
37670,0
34437,0
109258,2
91052,1
64757,3
76708,1
113737,0
118778,0
73721,3
33644,2
62557,1
89681,1
119858,2
82954,3
9121,0
61910,1
109624,2
71358,2
34636,2
111542,0
90381,1
72,2
60109,2
97347,1
29457,3
29397,2
57714,3
88156,0
51237,1
15397,3
87871,3
29310,3
112913,1
69847,0
57290,3
20614,3
34401,1
44083,3
21468,0
79421,3
7565,3
21480,2
18589,1
58258,2
29593,2
33686,1
106188,2
44848,2
101828,1
76059,2
45381,0
76537,2
81845,1
97535,0
56428,1
93795,0
79626,2
10263,1
13848,0
104468,2
64996,0
86079,3
107141,3
79565,0
36535,3
94155,0
20370,2
13523,3
21393,1
66601,1
67369,2
23062,2
92866,0
26960,1
95606,3
78729,1
15222,2
57837,1
81280,2
26235,1
72518,3
27556,3
56852,2
102381,2
22815,0
105884,1
4509,1
35558,0
56367,1
88758,2
4531,2
85641,3
37302,1
20114,1
103001,1
71777,3
69839,0
16876,2
41704,3
65299,1
115561,0
98211,1
59738,3
98106,1
55201,3
12112,3
711,3
7542,1
60937,3
89814,0
29330,1
101179,1
12181,1
4508,1
74268,1
114761,3
91762,1
52211,0
47378,0
97424,1
12311,3
2836,0
64944,2
31085,2
76689,1
64830,2
94253,2
115349,0
118878,0
105116,2
66112,2
26475,3
91115,3
115557,2
85529,2
25454,0
86556,3
22431,1
46457,2
109888,1
80665,1
69530,0
9684,3
49216,3
33426,0
75659,2
93211,2
62303,0
19324,0
39419,1
11614,2
2810,2
28165,0
75849,2
40914,3
27577,2
48371,0
75607,3
80262,2
62423,2
86955,0
79546,3
27297,3
109360,0
92546,1
114035,3
37294,3
2661,1
100398,2
36297,2
18062,3
111467,3
64746,3
22534,2
116856,0
56856,1
1308,1
113953,2
107960,0
68167,1
119074,2
27201,3
48689,0
31733,1
98660,2
32578,2
69976,0
8585,0
72475,3
114926,1
84069,1
80,3
57037,1
113258,1
27701,2
90944,0
96656,3
103017,1
10596,2
111940,1
64266,3
2024,1
38183,1
101341,1
92603,2
2228,0
25712,1
8221,0
42866,3
116793,3
67677,2
40155,0
116597,3
12040,3
69648,0
6608,1
75333,3
98506,0
107015,3
66590,1
36284,0
19361,3
87997,3
54237,1
32870,1
5199,0
111983,1
60029,2
58726,1
41816,2
87177,1
11603,2
110142,0
67272,2
83496,0
119084,3
87570,0
62715,3
30972,1
55381,2
103407,3
113358,2
113153,1
59270,3
68944,2
118552,0
49463,0
34071,2
106144,0
49931,1
12366,0
59524,2
1802,3
107140,3
63740,3
57382,1
117084,3
100769,2
112700,1
54064,0
18179,0
89427,3
28667,1
61777,2
104531,1
83778,0
81929,2
52261,3
113499,0
59419,3
47933,1
103538,0
25987,2
13908,0
96117,3
55734,0
35333,3
27657,2
76086,0
86429,3
8689,2
63435,0
53235,2
50336,3
53834,2
52472,2
109827,2
71891,0
73080,0
20217,3
87007,2
41683,0
108429,2
48472,1
31575,3
108283,1
14649,2
26526,0
18299,3
51940,1
59781,3
87648,1
96866,1
83832,0
112882,2
84534,3
19355,1
86286,1
88956,3
84386,0
59117,0
42055,2
113341,1
73007,0
59633,1
90076,1
80016,2
16958,2
53646,2
72287,2
103199,1
83772,2
10643,0
25276,3
62970,2
93749,3
80738,0
7124,2
101184,1
86363,2
8891,3
41058,2
114209,0
99106,0
11311,0
32014,1
12183,0
92394,2
41559,0
11454,3
56770,1
55524,3
102377,1
81025,1
39262,1
6789,1
74291,0
76752,2
75059,3
47651,3
107431,1
73386,1
14057,1
54482,0
64587,1
112134,1
33541,0
106431,1
79194,3
119525,3
28402,0
4438,2
28513,1
22954,1
4629,0
84268,2
92757,3
117190,1
92705,2
102026,2
78481,0
23918,3
9283,2
24911,2
65386,2
37200,3
109765,1
108403,3
14554,1
101324,0
115519,2
77603,3
102952,0
24352,2
41745,3
81740,3
118493,2
62586,1
109780,2
22208,2
108005,2
23775,3
36072,3
116769,0
32722,1
64683,0
67912,0
954,0
84652,0
75071,2
8533,3
66691,0
24654,0
86803,3
72640,1
61596,3
50198,1
36025,2
82295,3
17965,1
44859,1
8672,2
109668,3
113715,0
58622,2
57168,3
89414,2
17369,1
18626,1
108562,0
1878,3
84023,0
119857,0
102144,3
27370,2
56283,1
9747,2
80209,1
51176,0
59202,3
62329,1
34610,3
110390,3
92777,2
73416,3
51122,2
73271,3
86450,1
71427,2
26791,0
93208,2
67413,0
8430,1
32044,1
58071,3
22396,1
58597,0
33928,3
104274,0
96533,2
34551,3
21915,3
98384,2
89133,1
83138,1
64612,0
49403,2
16907,0
37523,0
116837,1
101076,3
85152,1
6806,0
2341,0
118651,0
6203,0
74348,2
37592,1
28448,2
96267,2
20055,0
65100,0
88193,1
83527,2
106821,3
80420,3
20040,2
102651,0
33608,2
78366,2
63258,2
31965,0
61597,3
350,3
69140,2
13205,1
3416,1
112507,3
103020,0
40462,2
117995,1
39543,1
57199,0
8148,0
113540,1
30245,3
40981,1
16587,0
47077,3
99589,2
49118,1
9195,2
102617,2
18007,3
82277,3
102182,2
107248,3
45802,0
116759,2
49380,3
93750,1
5905,1
67713,1
35431,3
71370,1
7469,2
70429,2
20641,0
23559,0
27780,0
21739,0
84517,3
112399,1
2368,1
92024,3
6746,1
101516,1
109482,3
95160,0
12351,0
32077,3
2201,3
106042,0
32217,0
107381,0
55127,1
44291,3
46307,0
27052,0
55832,3
2145,2
77763,2
96472,3
91773,2
91116,3
110983,0
35311,1
2301,0
18387,2
19456,2
30442,2
28111,2
44440,1
25781,1
99041,1
40240,0
94813,0
10005,2
95202,1
110399,3
78517,1
50451,3
40964,2
69401,2
9313,1
34137,2
48234,1
111151,1
41461,2
29597,2
72835,2
43865,3
13144,0
47741,2
101554,1
42607,1
56079,0
42892,1
32527,0
9614,3
58304,0
31686,1
55149,1
41295,0
73986,2
75906,3
116808,1
108651,1
91641,0
30964,3
23643,1
109705,3
33212,0
46048,3
21060,2
93647,0
34066,2
79714,2
76973,2
118613,2
70657,3
78396,0
17355,0
3704,3
84475,2
70111,0
58137,1
94756,0
31397,3
52604,0
66929,0
116190,2
67031,3
9394,2
61911,1
75988,2
83754,3
69820,0
57960,3
35548,2
65547,2
16920,3
91871,1
12318,2
105809,2
63463,1
71749,2
89092,2
48474,2
100324,2
100819,3
43206,1
89147,0
118207,3
103509,0
40361,1
40632,0
36286,0
97288,1
8398,1
87877,0
91744,0
25702,3
66285,0
19429,1
64686,2
117121,3
97442,2
65893,0
76009,1
47983,1
60164,0
86658,3
70221,2
64187,0
82523,2
36910,2
44044,1
48098,1
14856,2
60774,3
428,3
101196,3
92373,2
11137,2
69438,1
13742,1
59031,1
71999,0
26862,0
108644,0
66460,0
17121,2
68512,1
35583,0
20434,1
97186,1
114942,3
45184,2
15526,3
31275,1
38236,3
75909,3
118211,1
71563,2
67543,0
100399,0
105578,1
90204,3
10765,3
63532,2
89779,0
118059,3
67393,0
110334,0
63143,0
10353,3
68175,3
86109,3
48523,1
52592,3
39152,0
40542,1
51173,1
100285,1
108829,1
105142,3
112583,2
103497,2
105627,1
22400,2
9237,0
116739,2
110561,3
28567,3
86913,2
4787,0
72071,2
33276,3
80699,0
12367,2
116881,2
16501,0
17080,3
98782,1
91028,3
114634,0
10246,3
10705,1
61320,0
109504,1
54836,0
106778,1
14358,2
19708,1
29389,0
104619,0
75680,0
75962,0
109401,3
51361,1
95793,3
21808,2
20854,0
75125,0
102088,3
31107,1
110839,1
24671,1
108105,2
12675,1
66319,2
7245,1
74385,2
17350,0
34345,1
63505,1
118060,2
92219,2
34754,2
8232,1
104442,2
62884,1
43981,2
98680,1
104069,1
32702,1
116281,1
11370,1
12858,2
37552,0
98744,0
48011,1
47027,2
62617,1
8829,2
70997,1
25218,0
92200,0
39019,1
109151,2
65404,1
20115,3
80144,2
22516,2
89170,2
8001,3
3612,2
53286,3
19635,2
92297,3
41789,0
82006,3
52757,1
65556,3
66990,2
31967,1
42114,2
31148,3
76950,2
76511,0
53704,0
51898,0
24185,3
99787,3
78262,1
31039,0
60229,1
89981,3
102904,1
74690,2
28320,3
43739,3
118284,2
69350,0
75627,3
65613,2
5136,3
89364,0
104474,3
40653,3
37668,0
11574,3
116133,0
84674,3
89621,1
18272,3
87818,0
18468,0
35034,1
77692,3
34233,0
4365,3
19878,0
56514,1
49903,1
115434,2
103023,3
86872,2
96558,0
3801,1
6249,3
105703,0
59912,3
2101,1
105041,1
109856,3
38623,0
12810,1
57850,1
4772,2
43303,1
92608,3
26894,3
11674,1
117783,0
45538,3
113089,3
109797,0
505,0
63013,1
60758,0
105961,3
53456,1
26359,2
117090,3
117901,2
87892,2
91135,1
35851,2
24265,0
74025,3
71522,2
79505,1
85644,3
1953,3
98510,2
45576,0
48339,0
112556,2
80309,1
34928,3
80031,3
5893,0
63204,1
119468,3
13716,1
75941,2
17652,0
103311,1
35094,1
29752,2
12224,3
70316,0
49936,2
117592,2
94512,0
48765,2
64899,0
12058,1
35071,3
111129,1
44448,1
105986,2
38134,0
8708,1
83747,1
57776,3
80791,1
22197,0
15930,3
51503,0
19501,1
106884,0
95263,3
94277,2
88114,3
30713,2
86588,1
15400,1
17144,3
105574,0
48024,1
31478,0
78591,0
83375,1
118138,3
106195,3
87004,0
58562,1
74029,3
75501,1
92758,3
96593,2
92324,3
19507,2
78259,2
45877,2
63540,1
87036,2
85565,3
79008,0
89536,3
68529,2
61586,2
89608,2
88301,1
23928,3
12234,2
117988,0
62480,2
69291,3
74449,0
111918,2
62203,0
76676,1
41344,3
34993,0
111028,1
62727,0
65650,3
22154,3
108463,0
66550,2
118818,1
6521,3
99429,0
63246,1
87042,0
96022,2
114027,0
93933,1
52455,1
12756,1
82298,3
38694,1
41260,1
65725,0
101983,1
82352,0
116917,1
110463,2
36494,3
67703,1
38529,0
118,3
59619,1
45662,1
55236,1
85997,1
111048,2
81799,2
97380,2
119945,0
45390,2
7271,0
30275,3
75227,0
73712,1
44231,2
79156,2
21928,3
89156,2
47091,2
113251,1
119653,1
109824,1
37984,1
116756,0
86656,0
53708,3
59699,2
119536,1
92663,3
3960,2
7219,3
48139,2
50613,3
36984,1
76078,3
102613,0
93881,3
70259,0
107675,1
69779,0
49969,1
9475,3
40413,3
99538,1
22094,2
55092,0
89096,0
118084,2
10190,1
96700,2
12871,1
23440,0
68661,3
20918,2
82212,3
5820,1
97276,3
66391,0
115514,3
56649,0
11752,2
51739,2
107322,2
20237,0
80402,2
63731,3
59094,0
50837,2
44776,1
684,0
58395,0
17648,0
95492,0
115735,1
32775,0
59979,1
49544,1
99134,0
114100,3
42204,1
69703,2
107036,1
42505,2
89797,3
20613,0
30110,0
114467,2
119841,3
34874,0
110310,1
61267,1
2225,1
86931,3
21306,1
28583,1
50437,1
115301,2
85074,2
101020,2
45791,3
61310,1
115583,0
17126,2
85752,0
53334,0
51551,3
76725,0
96232,3
113386,1
3464,2
1273,0
54427,1
49832,2
72747,0
25149,0
46122,2
40175,2
1750,3
60141,0
69304,2
23811,2
9625,0
38664,1
27942,0
82392,3
88076,1
45565,3
48870,0
93910,0
19461,0
104127,1
5162,3
106977,2
82218,2
93865,2
109062,0
31359,0
49412,3
13195,1
119714,0
28559,2
42298,1
64220,2
114334,2
60479,3
7946,0
66710,0
34726,0
4016,3
93889,3
61392,0
78681,1
63498,3
86473,0
96809,3
112044,3
74397,2
49270,2
72532,1
88584,1
3379,2
71630,2
64843,3
58709,1
76585,3
11567,0
31594,1
100450,2
44616,1
59909,3
3502,1
34988,1
35124,0
93284,3
97529,1
44160,2
112459,3
42918,3
93683,2
89015,0
64007,3
7652,2
97060,0
33182,3
81231,2
90505,0
18168,1
101648,1
18522,1
16746,3
77207,2
88234,0
103572,3
61058,0
38106,3
66376,2
30862,2
52262,1
116098,1
85296,1
3445,3
41939,3
29591,3
59447,0
86733,2
85646,1
11415,3
84421,0
34848,1
102348,2
78410,0
11068,2
71878,2
78221,1
14461,1
67289,0
94599,1
85067,0
2803,1
34469,2
115070,2
98512,2
8244,1
89696,0
71617,3
92485,3
119933,0
2863,0
87157,2
21886,1
22,0
21567,2
34413,1
32010,0
115248,0
41120,2
82449,2
55755,1
83572,0
58498,1
82574,3
73397,3
33263,3
85099,0
90587,1
98378,0
22790,0
60124,2
60776,3
114564,1
86536,1
25769,0
106987,3
79722,1
51149,2
93921,3
21923,3
104651,3
107382,0
86200,2
34018,1
107067,3
75231,0
54092,2
94558,1
72889,2
73441,3
42258,1
82883,0
46230,3
111864,2
92301,2
95396,3
44595,3
12150,2
70818,1
64526,2
688,1
20749,1
33340,2
66303,3
9231,1
54862,1
90043,0
430,3
108862,1
35715,2
18174,2
109836,3
100645,0
22780,3
44937,1
117790,2
118675,2
18634,1
77605,3
7397,1
37114,2
115460,0
24001,0
3563,2
11553,1
85543,3
27804,1
38006,3
99251,0
87618,0
1874,2
1375,2
115705,3
103477,1
109212,1
39477,0
16826,1
111744,0
81031,1
99649,1
15475,2
5540,1
69257,1
44445,1
87219,3
74649,2
10592,1
95588,0
3665,1
6145,3
102250,1
58833,1
111402,3
83796,0
12897,3
106376,1
62904,1
63011,1
92672,0
57536,3
81004,0
105606,0
96319,2
11059,3
94143,3
12047,2
50468,3
116621,2
113371,0
17165,2
80839,0
865,1
1333,2
45515,2
13764,0
43988,0
61828,3
92610,3
6088,1
49313,3
82174,0
45661,3
106386,0
106488,3
78059,3
46569,1
24396,0
43773,0
50413,1
88341,3
64066,3
79828,0
64337,1
119763,1
100567,3
35837,1
88050,2
25882,1
22738,3
99309,0
27207,0
29158,2
50005,0
44236,0
96936,1
11483,2
10138,0
76787,1
52894,2
94376,2
5170,1
85831,0
48476,2
87488,3
119690,1
42993,1
44462,1
10444,1
65887,3
59543,3
51373,3
33265,2
25118,0
23586,3
93192,3
47341,3
59753,3
66345,0
111418,0
58558,3
51845,0
2952,2
49059,0
33609,2
101638,1
108134,0
98282,1
102541,1
102401,0
80032,1
38151,3
70029,1
103638,0
112436,3
35818,2
119524,3
9868,2
16408,1
80971,3
99942,1
115681,3
87124,3
118285,2
52824,0
41362,2
66884,1
93784,3
34169,2
9132,1
58643,2
5939,1
28310,2
64832,2
49102,0
66443,2
105541,1
87923,3
94840,3
32067,2
5482,2
35493,1
108158,1
67892,3
83537,2
45395,3
14453,3
71263,0
98228,1
16908,3
38660,3
40304,1
13840,1
44500,2
81491,2
53464,2
117765,0
101501,1
92390,1
45262,3
7360,0
77947,2
49934,0
65796,2
57393,2
66428,0
107073,1
47888,1
68754,1
100103,1
60812,1
11293,1
115537,3
28564,3
118930,2
63405,0
68945,2
82990,1
68742,0
77842,0
104390,0
8121,3
16391,3
114637,3
71692,3
26335,2
84729,3
66352,0
8289,3
61082,0
116303,2
35323,3
43612,2
4995,2
83139,1
105051,2
112626,3
102429,1
78665,3
63496,1
8635,2
60771,1
29992,1
57008,1
3914,3
60804,1
54835,0
99273,0
16203,0
55049,1
46365,3
102067,3
59847,2
74757,1
52064,1
114691,0
96924,1
43765,3
14387,0
96039,3
11754,2
100034,2
44516,2
94075,3
110065,0
106570,2
8217,0
83365,1
4803,0
55710,0
110635,2
5439,2
100084,3
82327,3
95968,1
51192,3
111524,1
16441,0
95868,0
138,3
107733,2
26972,2
18716,3
10471,0
34725,0
107206,1
83202,3
26744,0
58564,3
34136,3
50384,3
64700,1
54534,3
30595,1
3191,2
76353,0
81401,3
83951,0
85932,0
26044,3
24423,2
981,0
88242,3
61402,3
105794,3
79169,2
38207,2
58857,2
107980,3
85638,2
67839,2
92855,0
87187,1
28050,3
77486,0
83973,1
864,3
64527,1
68826,3
51467,2
10928,3
81114,0
90432,0
105842,3
64681,0
89276,3
75939,1
18093,1
10325,1
12499,0
48165,0
85673,2
17810,3
104014,2
70983,3
85930,1
29373,2
23913,0
92935,3
48531,0
61332,3
79454,0
41759,0
58796,3
85115,1
64201,2
44355,1
5349,2
15386,1
39164,2
27165,0
17654,0
87552,0
46711,1
106542,3
44727,2
16903,3
11721,1
40446,0
92426,2
77085,0
7201,0
59460,0
78923,3
86938,1
54618,2
71093,3
33006,0
40920,3
7551,2
8128,0
107184,3
42566,1
36644,1
64500,2
53232,2
52404,1
26278,3
79124,1
22041,0
13709,3
53856,2
28498,2
119435,0
65952,1
46409,2
90559,1
55210,0
57768,2
80604,3
21187,2
57545,1
45109,3
24947,0
37425,3
31844,0
11744,1
35173,2
16369,1
93439,0
62650,1
90662,0
55735,1
58757,3
66161,1
6861,1
51933,3
64174,3
25579,1
47025,0
19218,1
65966,3
13788,0
18897,0
116383,1
92884,0
31659,2
69194,2
79229,2
23442,2
49815,1
33522,2
20888,3
44018,3
7704,3
111289,1
60316,3
32,2
104541,1
45995,0
94048,0
21534,1
35593,3
118494,1
78328,1
54315,3
73212,2
105651,2
53204,0
66003,1
48648,0
119967,0
61891,1
90246,1
39701,2
86268,0
7724,2
5572,3
97198,0
67950,3
68723,3
111936,0
9576,3
12328,1
33237,1
78155,1
84753,2
92771,2
109503,1
24779,3
83045,1
74669,2
42983,3
77975,1
89546,2
22381,3
87175,3
37917,3
116129,2
17745,2
78685,1
65656,2
100582,3
23188,2
99812,2
55078,2
48457,1
27253,2
70645,1
62807,0
100893,3
17422,3
17451,2
70911,2
48111,3
74810,0
11523,2
14487,0
100271,1
47247,1
6367,0
95364,3
108842,2
43899,2
70400,1
53457,1
69087,2
83282,1
38734,3
35767,2
104982,2
43676,2
12378,3
39753,2
92272,2
9134,1
113254,0
84623,2
30206,0
111800,2
86088,1
41600,0
7590,0
50265,3
106583,1
87851,1
73176,2
77265,0
73185,3
94133,3
2433,2
68056,3
80277,0
94228,0
28923,1
96078,2
19265,1
13948,1
117996,1
89773,0
44367,1
16661,0
39050,3
107164,0
19259,0
108678,1
17861,0
54022,0
106016,2
6676,0
40383,0
103204,1
103749,1
111345,0
96402,2
35926,0
50345,2
84710,0
2280,1
76280,0
84348,1
86813,2
110345,0
43851,2
88617,0
114296,1
49346,2
107931,2
92171,1
9527,0
51287,3
100154,1
64584,3
90954,2
48791,3
109479,3
47988,1
33779,2
108120,1
35604,2
69975,3
17536,3
109194,2
68762,1
98906,2
98075,1
44381,2
6292,1
45415,0
7831,1
50142,0
114512,0
96641,2
113028,2
21738,0
29722,2
100194,0
58956,1
81601,0
44838,1
101159,3
11942,1
10305,1
107744,2
71826,0
56109,2
91953,0
20824,0
98584,3
114015,3
100820,0
114694,3
29598,3
5247,1
106450,1
4304,1
19142,2
42950,0
93047,2
21228,2
33912,0
111228,3
18596,3
41266,3
12718,1
89701,2
75745,2
116815,3
100688,3
74474,3
99541,0
67202,3
43679,3
3301,3
59454,3
61164,0
80096,2
62517,0
105092,1
9925,3
89272,2
46217,0
70184,1
72928,2
76403,1
17020,1
100862,3
73385,1
86692,0
106985,3
32237,1
829,3
111463,1
85709,0
27404,2
41778,0
100092,2
15167,3
116411,3
101368,0
78538,0
12336,3
105486,3
93154,2
49310,2
91617,2
74661,0
47241,2
105006,2
110375,0
78862,1
1232,0
93014,1
119160,0
10840,3
72268,3
77748,0
1181,0
109795,0
5493,1
97690,2
45893,3
69205,3
104604,0
77270,1
56518,2
115992,2
55833,2
109677,0
86338,2
101831,1
91657,2
45941,3
118714,2
12411,2
32806,3
93406,2
116330,0
102741,1
64287,3
64574,0
103954,2
112836,3
57755,3
75696,2
65957,0
4699,3
23057,3
21171,3
112355,3
39984,0
53931,0
74943,0
91166,1
24758,3
2065,1
113547,1
56018,1
50330,3
83760,0
72893,1
68720,2
99474,0
35951,2
7362,1
6459,0
17850,2
65649,3
56186,0
34467,0
55218,2
62465,2
32283,0
63717,1
66885,1
37981,3
1517,3
67424,3
97953,1
102637,0
12474,0
43650,3
117973,0
70672,0
88344,1
25322,0
24867,0
55375,1
22853,3
104163,2
13956,1
55961,1
9303,1
98974,1
109970,3
13406,0
21024,3
61364,0
65659,2
88891,0
10017,3
2331,0
74324,3
50102,2
6139,1
80842,2
5581,0
105093,1
48520,0
119620,3
78809,3
39836,1
61054,1
101953,3
116708,1
982,0
84058,0
29317,3
62054,2
62550,1
97719,0
99877,3
29636,0
51721,2
11214,3
119590,3
93256,2
34944,1
113622,0
81386,2
90494,2
67933,0
25262,0
115606,1
117542,3
2126,1
13581,1
16262,3
33333,0
54597,1
103706,0
62851,1
93619,2
85553,0
11448,3
29455,2
44684,2
110914,1
22174,0
16055,3
33540,3
45319,3
99068,2
82305,3
107535,2
76881,1
91636,3
42432,2
108486,3
3999,3
43133,0
10136,1
60902,2
23724,0
56707,0
846,2
8535,2
90107,1
94018,1
3672,1
10984,1
67522,0
49225,1
111294,2
118774,2
46819,2
28058,3
42508,2
8683,3
104478,2
32566,0
58057,2
9564,0
112818,3
70136,2
90864,3
73412,0
26568,0
30519,1
29040,2
107577,3
52010,2
107999,2
16827,0
70024,2
97754,1
109434,1
118558,2
86052,3
30297,0
77273,3
20679,3
59672,3
54789,0
60013,3
75426,2
88908,3
45726,2
109880,0
51248,2
34693,2
99977,3
106637,0
35869,1
45016,1
100761,3
19719,3
86513,1
39132,1
90006,3
104438,0
47538,0
11408,1
13110,0
22863,2
19871,1
95546,2
90252,1
65162,3
78295,3
119721,3
114614,1
60202,3
37253,1
84267,2
116953,3
52639,1
94169,3
4080,0
103337,0
72119,3
40355,3
90202,3
100599,0
96024,2
85704,1
111466,3
25676,3
21137,3
62645,0
72994,2
54226,3
28723,0
42640,3
74952,2
31455,3
111581,0
9713,3
101928,3
29922,2
18546,1
14099,1
918,3
6511,2
106317,1
94882,0
92760,3
57920,1
76040,1
86254,3
10730,2
81076,0
113256,1
37733,0
70298,1
23419,2
115020,0
91057,2
50421,0
43516,0
54168,2
80744,0
114737,0
30790,0
80631,2
37783,1
46874,0
89627,1
99388,3
84143,3
106676,3
10829,0
105924,0
117798,0
109717,2
93398,0
32747,3
26093,3
55918,0
52112,2
8524,0
99264,3
52436,0
3363,2
13328,1
50362,2
67417,0
86652,1
1677,1
98272,2
86958,1
93132,3
37937,2
68506,2
39270,3
104967,3
101133,1
12081,0
59357,1
70631,3
36404,1
61825,3
109100,3
30706,0
58237,0
102602,0
110617,1
32296,1
99815,3
65522,1
93008,3
21241,2
103748,0
86836,0
38300,3
95518,2
43613,3
18958,2
108797,0
2267,2
63702,1
3251,2
69212,0
42644,2
41842,2
13679,0
14458,0
103959,3
91226,1
92827,2
22311,0
98581,2
26686,2
115086,1
107291,2
18228,2
43474,0
115056,2
94082,3
52264,0
11709,0
80655,1
118586,3
108928,1
75775,0
117180,3
59235,0
96106,0
110729,0
54043,0
63957,1
87906,3
23323,2
69625,0
89775,2
70844,3
51108,0
60661,3
70319,0
37460,3
10262,1
28368,0
38956,0
40200,1
56496,3
61024,1
82726,0
47213,1
52333,3
3420,0
49499,1
37300,1
42491,3
11761,3
82755,1
99468,1
82435,2
93674,2
16437,1
15176,2
107454,3
28770,0
89283,3
58033,2
8883,2
106910,3
119375,1
89570,1
118913,1
27181,3
99722,3
103755,2
71704,3
52688,2
102745,0
97103,2
26031,3
30956,3
6645,2
31949,0
88790,3
96547,0
19556,3
117276,0
12087,2
24612,0
115230,2
39364,2
44560,1
1575,0
19104,2
42478,2
33040,2
96560,0
12643,3
54529,0
100126,2
44881,1
18751,1
87255,3
67389,2
65369,1
28389,3
94553,1
107836,3
115256,3
97216,0
111251,1
94513,0
40311,1
116494,0
113695,0
88538,1
102987,3
114160,3
100856,0
258,3
57861,2
57599,3
112415,2
39532,0
104849,1
80404,3
31832,2
109819,1
93289,0
98949,2
55668,0
29291,0
36389,1
2598,2
41630,1
24672,0
4886,3
63420,3
87293,3
1428,3
56834,2
24892,1
37420,1
5878,1
86770,3
64350,2
611,0
67770,3
24251,0
32848,0
109907,1
92493,0
36556,1
19437,2
32730,1
61036,3
31282,3
109491,2
9210,3
65616,2
116764,3
64906,3
73307,2
21579,3
94503,0
117482,3
24651,0
34877,2
10963,2
74840,2
118567,0
39323,3
13530,1
8654,2
82180,2
106028,0
5336,3
22597,1
79943,2
117977,2
9754,3
70837,1
25158,0
42096,1
52990,3
12602,3
18579,1
58550,3
48155,1
115633,0
11003,3
109662,2
114409,0
2824,2
92337,3
15149,2
64165,1
117499,0
110743,1
75972,2
95444,1
22393,3
62560,2
25574,2
77876,3
78612,0
83008,1
22676,2
33494,3
83668,1
99243,3
13055,0
31437,0
45814,1
116825,0
19304,2
92205,2
112315,1
73883,2
86222,1
87001,1
23937,2
66296,2
90969,0
66743,1
65436,3
89542,0
111454,0
10737,2
118501,2
95062,3
44474,3
109204,0
105726,0
37162,0
16269,3
4088,0
87353,3
65537,3
114426,2
98481,2
38213,0
72370,2
7826,1
19985,3
3866,0
27369,2
65086,2
39591,1
27596,1
56780,2
62994,0
48667,1
94675,3
95969,1
54910,0
96091,1
111332,0
108307,3
101824,1
119818,1
25738,3
41277,3
48226,0
9152,3
116011,1
104742,3
55982,2
86672,0
22050,1
47160,3
73319,2
38155,3
52216,0
42444,2
23865,3
28037,3
6998,1
117552,0
65920,2
13672,2
43456,2
106390,0
112183,0
59167,2
78341,3
74478,2
51314,0
51059,0
39972,0
109559,1
105250,2
19239,3
66912,3
26950,3
1670,3
43324,0
100217,2
74072,3
31838,1
1762,1
49354,2
24312,1
41445,3
62286,3
31156,0
83467,2
34429,1
77430,0
8318,3
64248,2
59561,2
30618,1
11100,1
105351,1
109323,1
92349,0
85725,0
96566,3
74884,2
94231,0
57237,2
55965,1
100062,2
60513,1
51104,0
11234,1
16581,1
4448,1
49468,3
27669,0
13624,3
41616,2
75595,3
90732,3
62399,1
51439,1
14576,3
90330,1
98958,3
119483,3
84072,2
76733,1
41895,2
38274,2
76774,3
85309,3
34604,1
70412,3
83998,0
43244,1
109064,0
43097,0
60531,2
80369,3
41577,3
106131,0
51622,3
45272,2
59831,3
84823,3
75123,0
115902,3
97205,3
106648,2
37183,3
16208,1
68369,1
48104,1
11890,2
62251,0
34257,2
39501,0
64661,2
80581,0
112744,0
68920,2
109150,2
103969,0
37713,0
86194,3
4684,1
38108,0
107459,1
82356,0
106182,2
112914,1
78214,3
89063,1
14178,0
94823,3
106454,1
117282,2
88851,1
115089,1
36941,3
52199,2
107961,0
42048,3
70660,1
22293,0
42145,0
64086,3
45431,0
94427,2
4275,1
87711,0
47615,1
5128,2
34614,1
10440,2
4296,0
37780,1
117597,0
119204,2
74488,0
60409,1
116573,3
52632,2
115733,3
58871,2
46071,2
69582,1
92642,2
91073,0
74201,1
98684,0
98758,3
99085,2
51062,0
37129,2
22703,0
39358,0
18936,0
94662,0
49680,2
78141,1
43128,3
22309,1
82122,3
118863,3
16416,0
69747,3
89289,2
23885,2
27880,1
95358,2
34641,3
32668,1
72876,3
98439,2
101455,3
28463,3
54799,3
70177,2
95508,1
12158,0
116687,0
42573,1
25983,0
16816,3
64722,3
109438,0
68860,0
58075,2
18814,0
109961,2
106201,1
44115,0
58798,3
42610,1
70112,1
50208,1
116090,2
99177,2
62742,1
114243,2
116892,2
58095,0
50471,2
68967,1
105840,0
91428,1
84777,0
92468,1
18684,1
31933,1
34936,2
18821,2
77420,3
113594,0
730,0
107844,1
37775,2
101339,1
60939,2
72057,0
25848,0
63843,2
61089,1
47123,1
96234,3
75944,1
103987,3
22421,3
1756,0
108063,2
6430,1
81465,3
56980,2
25910,0
23792,0
10841,2
24397,3
27513,3
11556,3
15691,2
115946,2
3497,2
31759,1
70806,1
73765,1
49456,3
77791,3
112078,1
108111,2
90301,1
109412,0
96411,2
89853,2
7163,0
94913,3
96433,0
83017,1
55603,0
93004,0
116473,1
17359,1
5978,0
34474,0
44767,1
46110,2
50650,2
40493,1
85315,0
49514,1
14731,2
29468,3
114528,3
58814,3
75895,1
99818,1
59272,2
112476,3
29910,1
46958,0
90242,1
71357,1
87310,3
62653,1
2887,2
25883,1
25573,2
40890,1
98694,3
99663,2
83834,0
29995,1
12932,0
26631,0
105571,1
71345,3
54577,2
96648,3
97414,0
68831,1
65062,1
4017,0
64003,1
67804,2
62153,1
37833,2
88028,2
82923,3
85460,0
110665,3
65400,2
6140,0
47695,0
63141,1
106475,3
94561,0
61256,0
114292,1
78648,0
65177,1
32587,1
105559,2
98338,1
118737,3
73220,1
48677,1
81204,2
29254,2
19644,0
98128,2
112168,0
166,1
62991,0
104752,1
93142,0
35584,3
67660,3
3249,1
86981,2
55931,2
33171,2
119315,3
47029,3
68193,1
20471,1
5651,3
111865,2
65983,2
89753,3
4631,2
48934,1
37690,2
30799,3
61718,0
31708,0
9583,3
28115,3
58026,0
85768,3
82112,3
52869,2
81082,3
79330,0
3982,2
104476,0
98562,3
90524,3
66173,0
29276,0
107605,3
79242,3
55334,2
25663,0
17576,2
79870,0
72974,2
61985,2
38686,3
110655,2
87835,1
110353,1
14282,2
107692,1
45948,1
45514,2
26075,1
16923,1
69478,3
89559,2
105165,1
78999,0
94778,2
65349,3
49562,3
87744,3
67576,3
18665,0
101000,0
53490,0
38901,2
111411,2
111320,0
36223,1
11648,3
55344,0
62778,0
9821,3
28526,0
92341,1
31997,2
66926,1
20175,2
57778,3
8853,2
54028,2
109617,1
83501,2
34760,2
98748,3
66839,2
60359,1
117805,0
90478,0
106456,3
49469,3
105517,3
118209,2
75335,0
113815,2
11009,3
38048,3
69812,0
50329,2
14727,0
92539,3
31029,3
30290,2
37221,1
62083,0
4548,1
85258,2
9186,2
98973,0
29648,2
38374,1
62117,1
39412,1
25415,1
26588,0
104230,3
32160,0
70283,1
116616,3
73846,2
85302,3
12670,2
54195,3
74942,3
14383,1
40655,1
101405,1
94161,0
104652,0
81590,2
78980,2
98836,2
68748,3
81081,2
7292,3
58779,3
13163,1
109529,1
95996,3
84169,0
17145,3
2058,1
36174,1
90062,0
9772,1
37466,3
106084,1
58916,0
80588,0
1733,2
32194,1
54366,1
7878,2
119843,3
50464,3
17668,2
64114,1
55616,1
31469,1
93342,2
40377,2
20367,2
78174,3
111852,1
111236,1
55376,0
116706,3
100739,1
59240,2
55684,1
19007,1
38463,1
69814,1
71419,0
58089,3
70109,0
1198,3
99109,3
53773,0
106441,0
112423,1
40908,3
32100,1
54973,0
36671,1
70630,2
96195,1
76768,2
48927,0
77836,1
75820,3
102677,0
114970,3
47603,0
86428,2
278,3
52809,0
100938,1
112728,3
81263,3
56641,1
108228,2
100665,3
40020,0
17502,1
18102,0
16813,0
20602,2
9636,2
107885,1
31780,1
100549,1
36471,3
33982,2
68686,0
103406,2
105108,2
109979,1
15216,1
81452,0
73323,1
35477,3
65961,2
90646,1
80441,1
94483,1
1286,1
35905,2
70955,0
110336,0
106659,1
10733,0
59424,3
94477,2
68637,3
2131,1
8482,2
446,3
98658,1
81007,1
28307,1
45398,3
40660,1
35764,1
11803,1
9140,0
119005,3
74225,3
33688,3
79411,2
46608,1
59530,3
8040,2
55436,2
34590,0
36382,0
67074,0
25845,0
95589,0
66094,3
41332,2
102795,1
55015,0
61986,3
31366,0
65381,1
73579,2
2705,0
11643,0
18867,1
117842,3
40818,0
25926,2
13279,3
37366,1
80045,1
37860,2
71627,2
59589,3
73874,2
2171,2
16238,0
54321,2
64606,0
58292,1
76823,1
34161,0
107445,0
67994,0
39075,2
26808,0
100223,2
60798,1
81886,3
93287,0
63772,0
91643,1
70077,1
91757,3
58969,3
4218,1
109989,2
81956,3
117513,3
80496,3
18666,0
117614,1
45213,1
18552,0
108579,3
26456,2
68142,2
52349,0
740,1
93879,0
101015,2
20058,1
36046,2
101241,2
53375,2
97263,1
18106,2
53218,3
50095,3
28965,2
55129,1
99625,2
52624,0
117659,3
119371,3
58087,3
6651,0
113412,1
57374,2
39047,0
107936,1
55108,0
94761,3
28085,0
96834,2
50666,1
48664,1
78134,1
68719,0
108578,3
17731,2
63369,1
56366,1
74506,3
55646,1
61867,3
90426,1
113035,3
63952,0
72373,2
89837,2
12551,0
60166,3
47563,0
37953,3
71952,0
38649,3
58818,2
6296,0
25229,1
83690,0
24197,3
25278,1
64079,3
77578,0
52233,0
13871,1
19339,1
34617,0
82008,1
88486,3
75344,3
13478,3
60788,2
115168,2
64239,2
35463,0
95143,0
71162,0
98423,3
38718,3
2161,1
49083,2
83713,2
79164,2
14936,3
7359,1
20188,1
67727,2
54632,1
61697,1
23275,3
34734,3
48021,2
100773,1
22329,2
80105,1
103393,0
10425,1
16288,2
105077,2
77231,0
75760,3
23327,2
96394,0
91861,3
104696,1
99500,1
28761,3
68015,2
35677,2
91204,2
61901,0
90942,0
106816,3
71788,3
10445,1
13440,1
13768,1
50047,1
86394,1
49236,1
28864,1
63399,0
56385,2
87536,2
94223,1
95494,0
52118,3
53415,2
65743,0
82670,3
109659,2
103971,0
21410,0
46502,1
74316,3
47095,0
21722,3
25467,0
67118,2
118611,1
18562,2
74413,0
63921,3
25674,1
119992,2
56056,0
45904,3
46300,0
50600,3
69182,2
70783,1
3309,3
182,0
14251,0
26411,2
16054,0
93887,3
101124,1
115623,3
55835,1
23817,1
105587,0
116901,1
30220,3
28987,1
14749,0
66408,3
109555,2
65693,2
8413,0
70328,3
47855,1
39921,0
108321,1
87833,2
35504,1
37465,2
77537,0
36862,3
42310,0
77635,3
7168,3
110510,0
35315,2
19503,1
3717,3
97551,2
119038,2
41279,1
34829,2
57335,2
23274,3
116567,2
2664,0
71974,2
55570,0
114367,2
49966,0
44800,0
21749,2
24899,3
119365,1
18762,0
39923,1
27670,3
96868,1
69770,3
38869,0
103213,3
90334,2
85972,3
13580,3
67836,0
118453,3
52544,0
55255,2
34724,2
73660,3
25753,3
15988,1
37716,2
21308,2
85203,2
115558,2
37394,0
28716,2
33141,0
49533,1
114308,1
114753,3
4150,3
5116,2
113523,1
42337,3
85097,0
7739,0
60816,3
117585,1
90294,1
50867,3
54057,0
44010,1
94205,3
65464,0
92685,3
51752,2
89985,1
52663,0
43840,0
78651,1
101632,0
107978,1
59428,1
10576,3
78191,0
98479,0
45353,3
26659,1
74267,3
43910,1
47036,2
38824,2
82596,3
98631,0
100812,0
16651,2
31979,1
21251,2
90752,1
118509,0
112240,2
104091,2
114834,1
45710,3
75700,2
48843,2
69101,3
22587,3
100501,3
100197,3
67941,1
80736,1
37757,0
99774,3
19893,1
83469,3
103484,2
11956,3
61827,3
77682,3
67301,3
100745,2
73635,0
33354,3
116128,3
15092,3
57046,0
32519,0
79226,2
40350,0
72863,2
2138,0
92635,2
77786,1
54103,1
70423,0
26752,1
58528,3
30013,3
117211,3
44225,3
53866,0
19552,1
98396,1
46120,2
92207,2
34121,3
72358,3
59638,1
37808,2
40417,0
53762,2
51388,0
83324,1
59071,0
92515,0
110270,3
41234,3
25095,0
79866,3
43820,0
63388,1
104358,2
38663,1
86117,2
70748,2
93888,3
60723,2
23452,3
40697,3
116490,0
29676,3
11924,2
93283,0
97408,3
104864,2
63410,2
25233,3
22589,0
106775,3
104304,1
107228,0
80349,2
43373,1
87408,2
21366,0
37075,3
81013,2
35578,2
86714,3
86307,0
84332,1
56574,2
71838,2
98115,2
45816,1
67366,1
55349,0
71296,2
106400,2
113116,0
110763,2
5557,1
10822,2
3828,3
89919,2
45529,3
12727,1
94067,0
94235,2
99852,3
39534,3
49634,0
34486,2
5065,0
38687,3
16918,2
39083,3
9557,3
33300,1
5550,1
20000,1
55537,1
87099,2
12770,1
61520,3
86381,2
103824,1
111370,2
51229,1
81402,1
109738,3
27811,2
27749,1
11315,3
112047,2
35442,3
92261,0
79610,2
1087,3
29009,2
84873,3
51687,0
81711,2
30515,2
45753,3
30747,3
119115,3
45031,2
65996,2
66728,0
71146,1
88349,0
38182,2
100085,3
60148,2
52649,0
28490,1
17410,0
28421,0
43983,3
75493,0
102300,0
4858,2
42784,3
59579,2
7810,2
94381,1
78215,1
10434,1
68866,3
118273,0
113539,1
48432,1
67279,2
115750,0
75558,1
44757,2
80592,1
19062,0
95914,0
62472,1
78906,0
36119,2
30853,0
84555,0
84904,0
57081,0
51253,2
49305,2
83357,0
80600,0
81957,1
23663,0
62194,1
117875,2
52745,0
78568,1
48411,1
66048,1
39905,2
102309,2
91836,3
8371,1
77081,1
119195,1
79206,2
31745,1
74584,2
1709,1
40238,1
20552,2
29311,3
109991,0
58836,3
48096,1
62789,1
55137,1
95510,0
102823,1
9365,3
113651,2
106539,2
16921,2
94449,0
73301,3
92717,0
36289,0
98039,1
58648,2
79883,0
70098,1
40680,2
54546,3
111675,3
68605,2
84712,0
65630,1
74940,1
75055,2
3385,2
9776,0
106633,1
94808,0
61717,1
79026,3
119744,3
68484,0
75137,3
70654,0
9148,3
111304,3
30836,0
99354,0
88520,3
65586,0
34038,1
117230,0
76691,0
86581,1
112682,0
108247,2
69319,3
36058,0
110440,1
50242,0
77653,2
99653,0
97905,2
4783,0
66542,3
17266,1
36135,2
26518,3
46437,1
112631,0
31081,3
28233,0
22974,0
97450,0
73379,2
37743,2
72506,3
76115,3
18505,3
11384,2
102388,2
4291,3
20276,3
105060,3
36565,3
51603,2
4018,3
110332,1
30868,0
88840,1
46541,3
40665,1
10564,0
32802,2
111135,0
65742,0
76253,2
84744,0
86265,1
25946,3
17163,2
68828,1
43453,0
39236,1
80379,3
83024,0
88622,2
47229,1
3556,3
108834,2
84484,2
2731,2
71349,0
90714,2
57333,2
108080,0
90026,1
109354,2
20642,1
51938,1
71889,2
108437,0
4634,2
104050,2
77037,0
72434,2
89856,1
50383,3
12594,1
20005,1
9734,0
16878,2
69634,1
15579,0
93982,1
8862,3
51031,0
84064,1
61011,3
106989,3
44831,1
92336,2
78450,3
10796,0
3864,2
106514,1
21974,3
73763,3
66928,0
54171,3
68123,2
67285,3
71021,0
54445,2
51581,2
72446,2
71892,1
52898,3
37428,2
100542,1
102973,0
117910,3
94469,0
117539,2
38620,2
19191,1
4453,2
25265,2
100939,2
113876,1
32117,1
65117,2
25963,3
61057,0
113320,3
28168,0
12826,0
116366,2
5352,3
98592,3
1629,2
9342,0
84930,3
18117,2
50860,0
91797,0
56287,1
12451,3
39485,0
89636,0
71278,2
100722,0
65200,2
84722,3
58199,2
115238,2
117302,3
67796,1
75957,1
35353,2
53603,0
116650,1
84738,1
99967,3
18380,0
41023,1
114043,0
61762,2
75725,0
68862,3
51963,1
76523,1
91408,0
39795,3
99266,1
35416,3
75789,3
116787,3
105349,1
68746,2
58712,0
16011,3
38122,2
100577,3
16636,1
65910,3
104500,1
78072,0
94699,1
105400,0
16465,2
21962,0
13472,3
85719,0
74249,0
86962,3
58421,0
13532,1
42263,2
49329,1
31069,2
64183,0
118710,0
14641,1
6637,2
74078,1
78256,1
25157,1
34965,1
66363,3
39067,0
44879,2
108299,1
119448,2
44103,0
21023,3
46002,2
100583,3
68039,1
25176,1
56090,0
79660,2
63190,3
34093,2
14097,0
32609,0
79155,2
24924,1
67089,1
95121,1
62906,1
85437,1
20050,1
21040,0
63746,0
111692,1
48864,0
28079,1
15842,3
75395,3
115755,3
98950,2
43288,2
118745,0
65481,0
76289,3
31977,2
2759,3
29754,3
35970,2
80972,0
114536,1
81734,2
8789,2
37252,1
45665,1
106006,2
13031,0
100341,1
94190,3
67175,0
56077,2
118378,3
45544,2
73725,1
90228,2
2190,1
118431,0
95221,1
63338,0
34706,0
3119,0
73512,1
31908,1
18561,0
56535,1
119058,3
7133,2
16561,3
95893,0
73745,1
109958,0
65948,3
27072,3
19187,0
56198,0
30689,2
87055,3
54117,1
50832,2
84991,0
25167,3
87610,1
106099,1
112803,1
58766,3
77851,0
76069,0
78714,0
101701,2
81614,3
94080,3
29907,3
67028,2
83463,1
39843,1
107103,2
19081,2
48826,3
25709,3
75150,0
13037,1
85721,2
100122,3
61387,1
42267,1
91862,2
90442,1
43547,2
109077,3
91723,1
31284,3
98920,3
112203,3
89884,0
103285,0
12470,1
101578,0
50967,2
60020,2
112892,2
4656,0
52373,0
37251,3
29399,3
98742,1
57148,0
86500,2
21815,2
57518,3
97460,1
105793,2
93975,2
30384,3
114405,2
83485,0
91410,2
79037,3
111835,2
77745,0
4324,2
21364,3
116467,2
1587,1
92652,1
112887,2
79838,3
110862,2
49388,0
8130,3
106809,3
28875,2
104529,0
46084,3
65363,2
112430,0
41727,2
37155,2
28881,3
113125,1
116058,2
18528,1
60116,1
49506,2
42190,2
20522,3
98666,3
53124,3
104229,1
66208,0
78645,3
77297,2
14618,2
9590,2
8291,2
25703,2
16736,3
27863,0
113525,3
43125,3
80409,2
20373,1
22494,1
36318,1
22153,0
79704,3
33851,1
26332,1
59022,3
92955,0
19441,1
74785,1
20122,0
82998,2
37,2
34942,1
56194,0
28745,1
50852,3
23011,2
15418,1
84078,2
54881,0
62868,2
30950,3
33053,2
119289,1
31639,2
85174,1
68987,0
102437,1
118372,0
12648,1
39762,0
74307,2
106014,1
95886,1
14898,0
4920,1
88662,1
29353,2
113994,2
62380,1
101478,3
32915,0
36666,3
72549,3
58730,3
21067,3
16360,0
23407,3
76157,3
26482,3
29067,0
2229,0
25024,0
50916,2
82763,2
48442,1
78182,1
29086,2
104292,3
58438,2
72051,2
66951,0
109090,3
11585,2
97298,2
23649,0
88403,2
31132,1
87489,3
41454,0
2406,0
64178,1
118454,3
77703,1
90694,1
25656,1
28247,1
96781,0
95153,0
32303,3
109321,1
90069,1
69353,3
72305,2
56833,1
51470,2
115751,2
86340,2
116043,1
81507,2
93329,2
70996,1
70307,0
50733,3
8458,0
48872,0
113650,0
4033,3
36697,1
68325,0
31294,3
26223,3
49178,3
44579,0
60068,1
32083,1
102020,0
113837,3
112788,3
92500,0
119381,3
47745,0
83626,1
198,0
62526,3
68575,0
6731,1
36162,1
49199,2
19652,3
31048,1
95864,1
81648,2
25383,3
119281,3
27248,3
110959,1
47992,1
5622,1
44788,0
66959,1
7869,0
105129,1
93496,0
91535,3
26209,3
76831,1
72105,2
26623,1
52509,1
59413,2
68099,3
49328,1
20594,1
57,2
84091,1
7483,0
26916,3
58930,3
17287,3
113415,1
44566,3
25412,1
85978,0
71527,2
60491,0
60343,2
115527,3
12204,0
45603,3
1429,2
104912,3
14901,2
64006,3
104076,3
66358,3
26281,0
40085,1
111856,0
79462,3
100601,0
44513,3
41735,1
59478,2
38426,0
38564,0
29926,3
9902,3
79225,2
14411,0
29951,1
109967,2
49849,3
90668,0
51323,1
48093,1
60048,3
23942,2
65712,2
47517,3
13636,1
91391,3
101493,2
28584,1
40819,0
4494,1
28787,1
25011,2
57112,2
67668,3
15122,0
60049,1
90292,1
68438,1
92745,3
46191,0
36050,2
185,2
41164,0
73617,2
62937,0
19427,3
77024,1
82678,3
84599,1
58080,2
30867,1
34824,2
110104,0
62686,1
63164,2
13364,1
22959,2
35842,3
50868,3
12137,3
32665,1
83348,1
72165,1
6908,3
116559,3
2715,3
68963,1
33086,2
109178,2
67337,3
76027,2
84367,2
95141,3
75551,2
37422,2
36216,3
59917,1
114771,2
14689,3
104538,3
42445,2
115219,3
88569,3
45796,2
113455,1
41186,2
60160,0
36341,2
80762,1
92814,3
98540,0
44136,2
21472,0
108694,1
7183,1
46581,3
7446,3
46333,3
24349,0
103277,0
106338,0
83516,0
32560,1
58379,3
79071,3
10886,3
71011,0
49568,0
68546,0
83435,1
100273,3
105188,3
84013,1
117529,1
43908,1
60532,2
9059,3
5323,1
58107,3
32006,2
108110,2
114395,2
63953,2
55039,0
38647,1
107156,0
110598,1
2979,1
18496,1
61240,2
88258,3
98751,3
107372,0
30703,1
112091,2
34344,1
96397,1
17009,2
61459,0
47034,2
78242,1
103316,0
108969,1
76208,0
2051,2
117097,1
60709,3
24624,1
15277,0
116857,2
24620,1
109948,1
11949,1
103304,2
1553,0
72522,0
70694,2
40023,2
75655,2
82544,0
62930,0
106526,3
74822,2
46833,2
111,3
91030,3
99183,1
33968,0
64068,2
47903,1
2233,1
49556,2
102482,0
81368,2
39229,2
93438,0
108775,0
35538,3
52279,3
107222,1
55299,0
25561,2
54344,0
88199,1
112718,3
48596,3
102970,1
51019,2
24464,0
14617,2
23610,2
27976,1
92641,2
87263,1
63243,1
113800,1
39737,2
95046,0
733,0
61203,1
59678,2
41251,1
3628,1
16967,1
34103,0
61834,3
27468,3
106056,0
70485,1
68821,2
83101,2
111941,3
58259,2
92554,0
112614,3
45105,0
21873,0
29976,0
104900,0
41225,3
109595,3
77387,2
94323,1
111089,0
20658,1
53611,3
28592,2
98026,1
83884,1
76690,0
116990,0
36370,2
103389,1
59474,3
39799,0
38335,3
7812,3
54570,0
95449,3
96983,1
94941,2
13537,2
8181,1
115791,0
49302,0
67482,0
89792,1
17325,2
37764,2
15677,3
15389,1
29431,2
89362,0
81623,0
3696,0
21574,1
114268,1
58502,3
118358,3
22766,2
4297,0
15233,3
4053,3
113504,0
116385,1
81344,1
34763,1
18804,0
14145,0
110049,2
96741,0
23867,1
13928,0
86866,0
109395,0
60463,3
31287,3
75437,2
75876,2
90053,2
41677,0
30812,3
69879,1
54152,0
87176,1
35980,2
18056,3
70375,2
105907,0
82593,2
69444,1
116504,3
28897,2
18224,1
29931,3
89719,2
55629,1
70866,2
77781,2
50942,3
7298,3
8236,0
62626,2
33642,2
31030,2
20897,0
80530,1
17204,0
7003,0
6100,2
74209,2
10118,3
92693,3
76201,3
111747,2
19894,0
110745,1
40301,3
88687,0
33380,3
75331,3
112169,3
55358,3
46623,2
27888,0
119563,2
53352,2
28586,1
43226,0
27620,1
102495,2
12566,3
48449,2
445,3
27437,3
36298,3
32740,1
62502,0
19638,3
52645,1
4955,1
98447,1
104976,0
62382,1
54348,0
51170,3
82661,0
22948,3
55894,1
16007,3
3435,3
101709,1
39170,1
15139,3
43564,3
119617,2
55621,0
104839,0
36001,0
86349,3
62710,2
38985,1
80478,0
35536,0
20572,2
109222,3
108915,3
113864,1
21347,1
35426,1
54999,3
71716,0
102761,1
79092,2
89750,2
52712,0
76936,0
34000,0
82310,3
11608,1
73588,2
59280,0
87424,1
46846,2
100751,3
100988,1
109977,1
47726,0
108985,2
105778,3
62296,1
17589,3
32499,0
74406,0
71511,3
98969,3
86616,1
23543,2
59168,3
59216,3
59118,3
52244,2
24995,1
53325,3
21435,2
116262,2
16944,0
80304,3
17113,0
10376,1
114879,3
62158,2
26181,2
107159,0
450,1
36762,0
15564,2
51493,1
17213,3
22828,1
90055,2
84700,2
96443,2
14874,0
37443,1
30497,3
71846,2
28123,2
63137,1
96745,3
115088,1
92802,2
32658,0
100238,1
103938,3
75117,3
23716,2
77899,1
30927,1
116799,0
650,1
58745,2
117375,2
10997,3
13240,1
48080,1
44286,2
46653,0
104909,2
7705,2
84116,2
112318,2
20265,1
42060,1
106260,0
85530,2
119319,0
88142,3
88362,2
111515,2
38451,1
10130,2
61753,3
17597,1
91932,0
109906,3
99779,0
97016,0
103685,0
35735,3
32910,2
26915,3
16113,3
49284,3
37617,3
90673,2
77264,1
82094,3
42797,2
12667,3
71353,0
5512,0
54021,0
84038,1
22051,3
42845,3
79130,2
65501,3
78319,1
90650,3
108887,0
415,3
81884,3
115414,0
64151,2
64609,0
109029,0
20257,1
86308,0
74400,1
44181,0
98148,1
26922,0
25206,0
74216,3
24293,2
72972,3
63915,0
12106,3
63206,1
73678,0
78931,0
50902,0
119579,0
100373,2
57222,2
66164,2
96448,3
115918,0
110212,3
17568,3
106282,3
107205,2
98038,1
5457,1
86235,1
57341,3
119388,1
17790,1
98284,0
11975,2
44791,0
44056,3
94670,3
14242,3
49007,3
49711,3
77176,2
79886,1
107167,2
3237,0
118354,0
4427,2
106765,0
94179,1
818,0
79672,1
104201,2
4964,2
2470,2
42251,3
32025,1
86113,3
76406,0
112308,3
37582,0
114653,3
107181,3
67081,1
14008,0
95839,0
34869,1
88426,0
30694,0
111275,0
84516,0
55915,0
108473,3
40502,3
103473,1
106341,0
40719,0
77118,2
17356,0
32764,0
27423,2
30234,1
85976,2
32466,2
101362,0
101017,2
33090,3
30697,2
7680,3
104266,2
116082,0
116474,1
108277,2
117447,1
53285,2
98897,3
38742,3
107906,2
3167,2
45507,3
69602,2
100974,0
89,3
102203,1
105387,0
69013,2
111916,3
98478,0
58280,2
71075,2
54261,3
94375,2
115420,0
86734,3
79547,3
52447,3
33242,1
16197,1
100512,1
82440,1
45052,0
85365,2
32104,1
117982,2
29248,1
82106,3
118811,3
38803,3
58062,3
61214,3
82731,0
53119,2
18510,0
18039,0
89219,2
31607,1
104850,2
35083,0
45863,2
51318,3
37773,0
8426,2
9503,2
67626,2
99121,2
106829,2
21829,3
34857,2
34331,2
56928,1
54692,3
47361,0
87747,3
20546,2
39869,0
106794,2
114030,0
102988,0
13447,0
109105,3
64019,1
38599,1
117640,2
46308,0
6767,3
97668,1
35257,3
62111,1
1106,3
28268,2
46893,0
40252,1
33963,3
31234,0
43430,2
12286,1
97175,0
49072,0
109299,3
89591,2
102440,1
43858,0
28699,2
110667,2
43615,3
12993,2
91252,3
11473,2
109149,2
58081,2
70907,2
94371,3
48597,1
15354,2
58642,3
48005,0
113910,2
95279,2
1324,3
792,0
116250,2
95705,0
49975,3
74089,2
89658,0
20408,0
12503,0
63985,2
96123,2
22603,2
51101,3
13088,2
65871,3
2894,2
93018,3
63320,0
52346,0
110917,2
8177,2
26673,2
1119,1
93907,0
28437,3
105560,3
112619,0
53436,2
117249,3
14430,0
73614,2
103906,2
26702,1
98904,2
48878,3
25771,0
36795,2
110846,1
101785,1
113223,2
39208,0
103942,3
66417,1
27475,1
83314,3
72730,2
5292,1
84568,2
101966,2
42893,1
26197,1
30077,2
11064,3
15937,3
81605,2
30487,2
38814,0
55415,0
99435,1
2580,2
60755,0
89933,0
82818,0
114982,0
32554,1
78594,3
90580,1
117170,2
77226,0
98767,2
29124,1
35895,1
14917,1
92329,1
9648,0
43845,2
26780,1
53037,2
119940,3
7372,3
77120,2
110376,0
39689,0
80805,0
111637,1
53788,3
62000,1
67009,1
34168,0
90704,0
81185,1
107356,2
45987,1
18743,2
104396,3
5227,0
63614,2
88534,2
95541,2
95642,0
76682,2
52320,3
82390,3
68632,2
9478,3
53507,3
1987,2
74737,1
60387,0
35354,2
72720,2
117695,1
95267,1
82150,1
117956,2
102338,1
57807,1
115102,1
118384,2
4637,2
42168,3
66177,0
104746,3
103651,1
96439,2
117109,2
108169,0
73987,2
79981,3
6055,3
34317,1
7557,3
6983,1
22328,0
104990,0
13929,1
66863,1
97843,2
54220,3
114696,1
105390,3
102732,3
43534,0
91602,2
2852,1
12574,3
74870,0
14323,1
93206,3
26314,0
42945,1
72662,3
75691,3
17882,2
26385,2
112952,1
87936,2
83583,0
80652,2
7060,3
100137,0
115502,2
41878,3
31077,3
94788,0
78037,0
803,2
20482,2
26911,2
76839,2
115160,3
8492,0
104720,3
94784,1
112097,0
63931,3
83867,0
74592,3
52861,1
114881,3
31590,2
13361,0
38795,0
99149,3
92978,3
44483,2
28162,3
115459,0
81713,1
7336,2
77880,1
73331,3
100245,0
72372,2
21307,2
99205,2
80467,3
2319,2
85879,3
635,0
84551,1
69368,0
85047,1
24161,3
20455,3
73467,2
109065,0
118456,0
74378,0
17993,1
22809,1
32984,0
98737,1
116459,3
13135,1
63044,2
54602,3
61411,3
58682,3
25861,0
18736,1
22819,2
46305,3
103189,0
89229,3
10826,2
75297,1
23377,1
88460,0
82475,2
75431,0
25513,2
65428,2
113228,3
114860,3
50745,1
92634,2
64840,1
76041,1
58484,3
75287,1
101409,0
103237,1
114433,2
37472,3
24259,2
28011,2
75677,3
99129,1
95633,1
77976,0
53498,2
113150,1
32912,1
84914,0
74647,2
8233,2
101600,1
109013,2
33421,3
21087,2
79253,2
80620,1
64898,2
19637,3
37567,2
12016,0
77303,1
97140,0
37354,2
2574,0
86659,2
119789,2
16155,0
67309,0
21386,2
16971,0
115321,3
116955,0
27445,1
28807,1
116967,2
30095,0
98808,2
90890,0
119224,3
25404,0
59627,1
93306,1
112150,3
56177,0
111955,1
35087,0
58499,1
5764,1
107752,2
53923,3
111321,0
56144,3
99473,1
24442,1
27346,3
104820,0
28148,1
58854,0
39123,1
81468,1
101944,1
114996,2
66789,0
55792,0
79601,2
91765,0
80808,2
109950,3
52113,3
113886,1
50766,3
31623,0
2374,1
21027,3
64874,1
111120,0
29126,0
49347,2
104411,2
21720,2
95428,1
108171,2
73697,1
55316,1
41620,3
80462,0
64926,1
48412,3
96307,1
101855,1
62316,1
76987,3
112186,2
32824,3
3630,1
116161,0
43305,3
8263,1
107929,2
10858,0
60173,2
12961,3
25952,3
40689,1
65755,3
84362,0
18782,0
55187,2
99049,0
4539,1
40217,1
103299,1
92413,3
6264,1
11968,0
7714,3
55730,0
86557,3
86457,0
43786,2
74760,0
103593,0
58696,3
80067,2
110109,2
42775,1
70141,1
20181,0
23175,1
111535,0
76252,0
87780,2
76399,2
104321,1
32599,0
38579,3
11165,0
89265,1
24417,0
82004,1
110937,1
27397,0
101306,3
1446,1
108430,3
33767,1
109231,1
116836,0
60665,3
36800,0
55075,3
16175,0
46971,3
40415,1
76132,1
116789,3
11062,2
87252,2
88067,2
99697,2
99029,0
68033,1
110452,3
88345,1
115629,3
3933,2
108918,1
97891,0
110074,3
15259,2
113364,2
65256,2
38980,3
77249,2
74177,1
50549,1
1700,1
99036,1
31042,3
84948,1
65272,2
78913,2
31092,0
18337,1
36626,2
63723,1
46391,3
5179,2
34862,0
33248,1
65710,2
90132,1
37246,2
33420,1
84522,2
34208,3
63846,3
69020,1
74872,2
88000,3
96316,3
69264,0
31521,0
48319,1
68168,1
37293,3
39697,0
43422,0
62390,3
7730,1
86966,2
66643,0
95074,1
115782,1
95544,2
37939,3
70129,2
95743,1
32563,1
64442,2
1658,3
84640,2
110429,0
66699,2
104585,3
84660,0
88396,3
115060,3
15154,3
51112,3
41085,1
11862,3
16888,3
27112,3
56566,0
110587,2
26160,1
26674,2
78394,1
88470,2
107941,1
40469,0
22785,3
4977,0
7791,1
100343,1
261,2
116718,2
92861,3
104755,0
86092,2
86879,1
116584,1
14297,0
95736,0
74313,2
21163,1
82838,0
109671,1
47591,2
72349,1
109304,3
47906,1
17952,0
60566,3
118391,3
62285,3
74036,1
93681,0
34263,1
61635,3
21291,3
93108,1
36864,0
51094,1
25143,1
36204,3
12760,0
31987,1
87838,2
77290,1
102154,2
105643,3
105435,2
72688,1
2520,0
73154,1
54383,3
39527,1
109402,1
94406,0
101507,0
51081,1
105575,0
62427,1
48781,2
42013,3
84705,3
68925,0
29055,2
7516,2
68219,1
24456,0
93686,2
102647,2
106867,1
58908,0
73006,3
86080,2
7742,2
46100,2
25772,0
79438,3
6326,0
61859,3
117840,3
110654,3
28261,0
85660,2
38921,2
54630,3
80010,1
44273,3
40489,0
90146,0
72218,3
95681,1
30065,3
30848,1
73555,3
88724,2
46519,1
92222,2
47701,1
59519,0
85444,1
30777,0
80781,1
77172,3
103884,3
84968,1
46451,0
14412,3
78332,0
76250,2
32276,3
67517,1
37916,3
27336,1
20565,0
53171,2
93504,1
113326,1
16577,1
101776,1
26443,2
64790,0
50593,3
9888,3
77503,0
88795,1
118199,2
55748,1
86009,3
58225,2
119488,1
97740,1
113009,2
91393,1
66848,1
18132,3
83807,1
54138,1
58015,2
54569,0
8528,0
90359,1
26864,0
50031,1
102147,1
105193,2
15331,3
33454,2
74302,0
97824,0
76095,3
106556,3
83472,1
108778,2
50004,1
45801,1
61083,0
22340,1
102524,0
37284,3
51219,1
82843,2
3788,3
36256,2
72408,1
60910,1
89047,2
93152,2
82495,1
68092,1
89673,2
14276,2
81085,1
109473,2
50386,2
73196,0
73134,1
58485,3
88563,2
23785,1
25161,2
66038,0
86644,0
113613,0
28276,1
102016,0
17089,3
52195,3
67179,3
2486,3
25877,0
21388,3
8869,0
41374,2
50006,3
118839,1
99017,2
82367,0
29153,3
77347,1
91751,2
27950,0
72302,3
49631,0
55614,1
12677,1
37149,2
53197,3
99482,3
37882,1
36563,2
75289,3
47093,0
33486,0
65071,0
86030,0
80068,2
39417,1
13559,0
18707,1
57198,3
5266,1
3190,2
78244,1
109239,2
112153,2
103644,1
77631,3
63470,2
5016,2
76006,0
88196,1
81272,1
116295,1
62792,0
70563,0
111978,1
70964,2
83878,2
97776,0
61601,3
77623,1
30153,3
26009,2
117967,2
67351,0
103727,2
83826,2
109425,2
3618,1
39059,1
81454,2
25830,3
48586,0
67444,0
35081,1
52804,2
19881,0
59999,3
32430,0
115868,3
74362,0
43467,1
73424,3
96647,3
5316,3
29696,0
75080,0
87486,2
35911,0
86248,3
34615,0
106850,0
21462,3
89341,2
85224,2
67317,2
111265,1
86615,3
39959,1
38269,1
1146,2
93089,1
106062,2
50987,3
59406,2
100210,1
97444,2
18948,0
30203,3
45199,2
41658,1
34772,3
99019,1
41886,3
110940,2
34361,1
96738,0
53485,0
108325,3
95157,0
96183,3
66250,0
60104,2
52814,0
96190,2
87092,3
46657,2
29113,1
40150,0
42400,0
97888,1
80203,3
97548,1
46032,2
82372,0
113986,2
2650,2
116134,1
55009,3
29233,1
84724,2
79939,3
100646,0
3423,0
8852,0
9837,0
79880,1
44620,0
80813,0
68246,1
77460,1
31813,1
26263,3
27492,3
64538,3
92524,0
74058,3
87548,1
21263,3
70751,0
54965,1
37512,1
43066,0
61559,2
118472,1
45975,3
29218,1
98446,1
18466,0
88999,1
19699,1
53617,3
81227,2
32865,3
87199,3
88936,0
67907,3
38024,0
21542,2
1489,2
23794,2
112497,3
27279,0
2457,1
49685,3
103058,1
18987,3
53047,3
59420,3
70220,1
29312,1
8420,3
47064,1
84542,3
114102,3
66527,3
50416,0
31893,0
30928,2
50193,1
105306,1
110896,0
23958,1
32282,1
45501,2
81923,0
24438,0
65227,3
34778,1
74453,2
110171,3
59392,0
5765,1
902,1
21641,0
44550,2
61665,2
23999,0
75235,0
113452,3
13943,1
53100,1
110301,3
31054,2
114391,1
82826,3
16542,3
18314,3
80247,2
95261,3
92481,2
57558,2
47000,0
110850,0
2860,2
107368,2
115766,3
96851,1
101735,1
117366,1
95284,2
32374,0
112479,1
72703,0
78804,1
88217,2
13366,2
84650,2
43105,0
51433,3
81825,1
32832,2
41175,3
82904,2
75616,3
63253,0
31579,0
43362,2
108202,1
108654,0
73629,3
75406,1
114347,0
72040,3
56883,1
18675,2
78324,3
27023,1
118946,3
4415,1
111420,2
107852,2
35359,1
103712,1
29653,3
103215,3
111627,3
118616,3
78178,0
29911,1
106677,3
67656,3
21405,2
59495,3
80436,0
17220,3
67281,2
3915,3
91207,0
70828,0
64475,0
105978,0
98790,3
28917,1
18918,0
116891,0
17705,3
118287,2
28660,1
62832,1
118486,2
55234,1
45719,1
44561,1
90988,2
52732,0
96431,2
67376,2
55291,0
61075,3
81905,3
88960,3
74743,3
92731,0
77145,1
29515,1
9291,1
48437,1
113217,1
5863,1
48576,3
47336,3
103920,0
36068,0
24357,0
78136,1
115742,2
7004,2
9579,3
6715,0
56108,0
112334,0
88223,2
54020,0
55313,0
43764,3
103402,3
89249,0
50111,2
52976,2
78079,0
87043,3
50282,3
25474,0
41523,3
28548,1
60352,2
69903,1
118345,1
95498,2
17062,0
49188,3
110067,2
99732,3
88961,3
2003,3
116931,2
56432,2
42542,3
28888,1
77616,2
93917,1
27309,0
74616,3
75977,1
17902,3
98185,0
104382,3
96399,2
1332,2
7799,0
51968,0
23946,2
96138,2
6977,2
56968,0
84540,3
108119,3
11509,2
24256,3
103854,1
32397,2
10513,1
3740,1
69154,0
36183,2
83731,1
12595,1
90340,2
21051,2
54970,1
5502,2
65790,1
30830,2
92502,0
99267,1
117339,0
14991,1
45372,1
23004,1
42772,1
4821,0
4130,1
39730,2
26250,3
20250,1
58250,2
40527,2
89011,3
10461,1
23344,1
47084,1
111397,3
87541,3
84994,2
69766,1
15643,3
65549,1
76672,3
82823,2
102705,3
86290,3
114319,3
54538,0
107011,0
44099,2
47653,1
117128,0
34194,1
40398,1
27728,3
78608,1
15327,2
63469,0
97267,0
70405,2
21613,0
82079,3
101835,1
3833,1
61442,2
101424,3
11204,2
5652,2
57919,1
30731,3
116236,3
28121,0
49287,2
96545,0
45171,3
104026,3
91986,1
115140,1
96597,2
78583,0
3777,0
109054,3
3245,2
103232,2
68018,2
82898,1
84291,1
61991,1
5648,3
99938,1
105082,3
73896,3
96527,1
83119,3
82157,3
88944,2
105212,1
102357,3
103444,1
105736,0
95130,3
104288,3
99908,1
68880,2
60370,2
112579,1
61092,3
77846,3
47607,0
26635,0
82307,3
115505,3
69569,2
75484,1
26681,1
88962,2
89547,3
97796,0
59336,1
58326,0
116661,3
44482,0
51006,3
91162,1
28849,0
21499,3
115889,1
36467,0
68953,0
10679,1
2478,2
7916,1
45867,1
78533,1
7803,1
103690,3
19018,0
39581,2
7994,2
81207,3
9349,2
76330,2
26120,3
46751,2
24428,1
15593,1
48223,2
85534,3
83492,0
17649,0
61052,1
77922,2
23553,3
118177,2
70453,1
107653,1
93609,0
78015,0
55175,1
73457,1
55804,1
118500,2
109739,0
32267,1
37752,3
103259,3
101398,1
105615,2
116269,1
106003,0
32487,0
73572,0
84595,3
60529,2
80440,1
32190,1
26134,3
106881,3
119053,3
82266,2
48690,0
81578,1
67284,3
27044,2
98356,1
81312,1
50454,3
23153,0
71832,1
20758,2
53570,1
96598,2
58517,3
23562,3
56849,2
37501,3
114218,0
35556,0
15965,2
106625,1
42650,3
70125,0
89995,1
20623,3
44212,3
85729,3
18184,1
38741,3
118542,0
46212,1
73188,1
315,3
119746,2
59697,3
79781,2
97771,0
10653,2
110623,3
29522,3
61022,3
15079,0
60708,1
114683,1
32736,1
91374,3
5158,3
37622,2
114932,3
24795,1
67837,2
112915,1
40855,2
107436,0
60898,3
40356,1
58519,3
11597,2
9653,2
22850,2
88582,3
15726,2
78661,0
45438,3
106073,2
84315,0
67451,3
39891,2
92134,2
114886,1
73958,2
8034,1
116954,1
20451,3
116146,1
49142,2
56614,2
91432,0
7912,0
93659,2
97956,3
61626,3
87741,2
51692,0
119864,3
117797,0
30944,2
67390,2
91271,3
101759,1
113734,1
92061,1
72831,2
93567,3
95363,2
61407,1
93847,0
49324,3
111239,1
99046,2
4855,3
2791,1
40758,0
46978,1
117206,2
65843,3
100275,2
34335,1
48543,1
34205,3
21272,1
43801,0
16820,1
34152,0
50640,0
85581,2
87340,3
57694,3
23788,3
36684,0
92949,1
99542,0
13242,2
67914,2
41569,1
38063,2
73645,2
13236,1
38747,3
83688,1
9101,3
74547,0
108081,0
43136,0
89274,2
104623,3
67432,0
59396,2
85927,2
111574,1
44792,0
103648,0
51064,0
5359,3
27526,0
2767,2
51069,3
59864,2
22794,3
51874,3
73740,3
58885,1
114797,1
110530,3
58924,2
58218,2
98628,2
112847,2
84170,2
26489,3
106025,0
108320,0
109843,0
14499,3
54690,3
23170,0
114914,3
40892,0
9596,1
63661,3
66340,3
3080,3
114990,3
51227,1
109267,0
64085,0
49447,1
78987,2
35158,1
102491,0
55704,0
103381,3
63346,0
104897,0
86689,1
21402,2
111371,2
86279,3
66702,2
55345,0
53181,1
36896,2
13658,0
69613,0
39084,0
61421,2
33393,1
111825,2
33764,0
108859,1
104889,1
26064,2
43047,3
109312,1
87559,2
13664,0
7795,0
33697,3
40904,2
74277,0
56000,0
37144,1
98734,2
29281,1
18094,1
88105,3
10372,0
96305,3
31292,2
58427,3
38883,0
82175,3
72001,3
29896,2
113980,1
548,3
96891,3
79279,1
96116,3
26370,1
107115,0
98783,1
52855,2
9270,1
108024,3
5325,0
89114,3
74444,1
14791,1
113511,0
56466,0
33583,2
69110,2
83394,0
111974,1
24598,3
12061,2
83600,3
82,3
46089,1
12064,2
111043,0
55041,1
32888,0
113648,0
26455,2
26796,2
78049,3
113108,0
102083,2
73348,0
106094,1
14530,0
71156,0
1705,3
68657,2
113779,1
87143,3
21930,1
24035,2
56739,1
75306,1
117006,1
11704,1
8473,2
86359,3
20585,0
110615,2
33807,1
67357,3
47006,2
92442,2
52458,2
68588,1
45050,2
47477,0
18251,0
43937,2
40516,0
53120,3
72034,2
118859,2
69591,0
25393,2
118023,3
33877,1
44622,1
51364,1
93938,0
91615,1
80577,2
82535,3
29463,0
110337,0
64948,2
12622,2
101199,1
94071,2
41817,2
16689,3
18207,0
108265,2
81160,2
73038,3
38330,2
60064,3
24036,2
21966,0
80957,2
39179,1
6529,3
73612,1
54038,1
65669,3
20215,2
46786,2
81010,1
110913,3
118444,2
47433,1
64139,1
59823,1
60870,3
40797,0
96895,1
25748,2
80747,2
33559,2
87814,3
36457,2
65792,2
46149,2
116792,3
98331,0
70188,1
91959,0
111095,0
50426,3
88079,2
42196,3
100708,3
12741,2
47822,0
85777,2
37615,2
119369,2
92316,3
42701,3
75996,0
15405,0
102148,1
48717,1
42642,0
73873,3
69411,1
119127,0
29563,2
97821,1
29857,0
6894,0
92818,0
82034,0
64091,3
92960,2
39530,0
91647,3
8303,3
83843,0
60163,0
13655,0
503,0
82507,1
72255,3
48758,2
34277,2
93278,1
97672,1
104380,3
26395,1
112623,0
95404,2
12131,3
2946,3
78070,2
104240,0
34080,3
75937,3
42286,2
87800,3
57077,3
107672,3
64267,3
68080,2
4765,3
37336,3
53243,3
97931,2
60156,1
10314,0
66186,2
23541,3
67116,0
9504,0
7194,2
92830,3
46176,1
18014,2
10678,3
76899,1
50485,0
39311,1
87654,3
114898,0
108244,3
67548,2
11757,0
22442,1
20400,1
119420,2
71413,2
87314,1
101667,2
22735,0
82709,2
51344,1
21691,1
20831,2
80825,0
22346,0
60844,3
104228,1
36155,0
13239,1
59963,1
1912,2
66156,0
115757,3
36843,2
83883,1
73272,1
69352,0
38887,0
14831,1
94904,0
43098,0
76608,0
25046,3
98237,2
51660,1
71506,2
21799,3
35078,3
113313,0
114424,1
61650,2
3936,0
99486,1
22684,0
22086,0
8776,3
17234,3
78989,1
50346,0
72812,2
24945,0
92281,1
11379,2
72477,2
6458,0
103803,0
19649,3
74987,1
4339,3
63310,1
112551,1
11763,3
57841,1
20432,1
116654,0
84391,1
60305,3
6486,1
94588,3
78397,0
104886,0
96970,2
108449,0
63534,0
61607,3
1099,3
89208,0
26779,3
34017,3
103776,1
6465,1
95064,3
72308,1
114612,0
45610,0
14945,2
91828,0
27761,0
32013,1
9024,0
47197,1
36014,2
96589,0
117945,1
15373,2
69357,3
13372,1
93687,2
67507,2
48917,0
108365,3
84142,3
72082,2
48921,3
72127,1
95017,2
74265,0
82644,3
115769,2
107345,1
106193,3
101968,2
15120,1
106248,0
103511,0
4702,2
66188,2
67761,3
97711,2
88711,0
3324,0
16867,1
15884,2
43122,3
19197,0
77671,0
18616,1
67966,1
94921,3
69300,0
50398,0
11186,2
85298,1
2326,3
64474,0
43087,1
24965,0
106356,2
82222,2
77011,2
7407,3
79649,2
103461,1
65525,3
61656,0
99949,1
34196,0
94934,3
10747,2
84494,2
99218,1
37018,2
3353,1
59265,2
45015,1
101565,2
30105,2
43107,2
52382,3
107888,2
88379,1
68389,2
81030,1
108690,1
104239,0
113816,0
3916,1
65592,2
58430,0
51637,1
86431,2
11295,0
105863,1
55751,0
62690,1
66354,0
85794,3
14179,0
41941,2
116500,3
22518,2
91746,2
63333,1
29681,2
12817,2
663,2
117556,3
85304,0
103972,0
54678,0
76413,2
109417,0
56830,0
97623,3
104718,2
56757,3
43284,2
19445,3
70346,3
74550,3
1279,0
111917,3
92252,1
24789,3
49709,3
73536,3
78257,0
4278,1
116430,1
6191,0
42887,3
119085,1
4058,3
93511,2
71678,3
69347,3
72311,0
34211,3
12442,3
38659,2
67265,0
21445,2
18157,1
110231,0
61591,1
42976,1
118636,1
59769,1
58817,3
65255,3
58995,0
9027,1
108865,3
112221,2
103121,3
50966,3
50618,2
14539,1
100817,3
66944,0
104234,0
89167,1
73131,3
19011,0
41469,1
8816,3
93356,0
61458,1
40503,1
18970,3
10421,2
117620,2
87313,2
100108,0
64823,2
49775,2
81410,2
95620,3
117961,1
60423,0
12369,3
114162,1
48816,3
16975,3
97963,1
25300,2
4969,3
80878,2
87900,0
32873,2
24932,2
70123,0
113181,0
45136,2
96672,1
18165,1
20240,1
57500,1
65797,1
37503,3
111478,1
16892,0
114699,0
110209,3
84423,0
2541,1
94983,1
44889,0
11891,3
104999,0
118587,1
44061,0
14148,3
72802,0
12909,0
78510,3
37797,3
6066,0
92881,1
64334,1
46366,3
13899,1
51744,2
103429,0
37245,2
7693,0
107622,3
40024,0
1737,0
74137,0
60654,3
77694,2
113297,1
18080,0
96162,0
72867,0
19121,1
94308,0
12120,1
37163,0
19725,0
107,3
99597,2
27834,0
36056,1
62830,3
30474,2
106554,3
96912,0
44631,2
13598,1
75917,2
6435,2
11628,1
36574,2
51435,3
45546,2
23050,1
63282,1
26790,3
14086,2
96997,1
64571,2
22366,0
21673,3
74551,3
49804,2
49367,3
60949,2
45186,3
14227,3
86742,1
42407,2
76521,3
18820,1
88740,0
92069,3
64837,2
63809,0
81531,3
42361,2
46642,3
17528,3
42868,1
16423,1
96976,0
97706,0
33932,3
64880,2
5302,0
36447,3
51681,3
100418,2
67242,2
74585,2
88637,3
3350,1
7432,3
10719,1
76726,2
11360,1
79100,2
111660,1
21843,1
40836,1
42089,0
78998,2
89894,0
80829,2
64886,2
41099,2
28005,2
20790,1
38863,0
501,0
87964,2
16893,0
114915,3
13915,0
68659,2
5549,1
842,3
89923,1
70808,1
47161,3
115671,0
59975,1
76675,0
100765,0
52909,1
12894,2
2048,0
112659,1
110674,3
96710,0
63251,0
117570,1
53577,1
83246,3
5683,1
72607,0
78622,0
85559,1
37493,3
32313,0
111305,0
108794,2
94956,1
41657,2
37413,3
58260,0
12778,2
15249,3
35464,3
47362,1
801,2
98738,2
6320,3
92348,3
78081,3
118225,1
102488,3
87939,2
71244,1
52670,1
9209,2
40679,2
113697,0
53316,1
80460,1
114718,1
9758,1
86069,0
31311,3
10589,3
98645,3
54076,2
29839,2
50643,0
108930,2
47941,2
88998,1
87386,0
95115,3
968,2
10072,2
115622,3
16236,3
80080,2
116248,0
30822,1
118220,2
101815,3
67661,2
94103,0
56102,0
88924,3
29628,3
89340,2
17380,0
94888,3
34269,1
109876,0
107518,0
31685,3
87463,3
45083,3
56493,1
73384,3
17885,0
97629,0
106404,3
27006,2
27940,0
69919,2
77456,3
33929,3
39646,1
92192,1
63030,2
29827,3
112762,0
27244,3
32066,0
97498,1
37785,2
118712,0
20327,0
90922,2
10980,3
38727,1
10976,3
36238,0
106210,0
41883,1
77749,3
90465,1
43962,2
11406,0
11663,2
95166,2
104037,3
8417,3
39966,2
81476,3
33366,3
17645,0
17141,3
78595,3
59595,3
44877,0
55221,1
91256,2
44643,2
10001,1
15727,2
85130,0
22512,1
86355,0
105384,0
104166,2
9474,3
23998,3
16926,1
119135,2
5021,0
39415,1
2835,0
48209,2
40569,0
96998,0
7950,0
6968,1
21953,2
36071,3
65275,2
119006,0
29329,1
118629,2
69982,1
1183,1
80875,0
62088,1
115379,2
22551,3
118843,1
59733,3
95592,2
49714,3
43492,1
55147,3
6781,2
37295,3
32661,0
105278,2
111925,1
72203,1
37591,1
55531,0
90998,2
50882,3
26287,1
43359,0
113216,0
102632,0
18261,1
103312,1
23381,2
16386,2
55086,3
116201,0
90511,0
118496,0
65315,1
45657,2
46740,2
33983,2
34822,3
61886,3
101902,0
119776,0
73460,3
107880,0
109854,0
118851,3
44677,1
111715,0
77659,2
74403,0
43597,0
13760,1
107664,2
104176,3
68156,2
61013,1
36784,0
57066,3
97532,1
68203,3
50189,1
76878,3
61153,3
51557,3
95994,2
117976,0
8036,1
31032,2
7664,2
91138,0
64827,2
11893,3
115867,3
78227,3
4908,1
47782,2
117733,2
16647,2
63089,1
77998,3
84374,3
19721,1
101214,2
47285,0
60189,1
68016,2
56563,3
49858,3
93484,1
3147,3
63327,3
116611,2
109264,1
72610,2
102449,2
64074,2
49035,2
61929,0
11996,3
2240,0
12164,0
19205,1
36344,3
28973,0
116094,3
14511,1
97762,0
65010,0
70274,3
74577,0
47554,0
76626,1
70807,1
17909,3
70642,0
3082,3
3181,2
111777,1
45810,0
103744,1
81911,0
85231,1
53202,0
20712,0
8453,2
14998,1
119705,2
13607,0
68538,2
66671,2
119719,2
67155,3
6831,1
84902,1
82183,3
58623,2
33137,0
63152,3
45947,3
84279,0
52327,0
1457,0
103991,0
55013,1
14640,1
88745,3
115652,3
83803,0
66452,2
87063,0
74176,1
106705,1
74635,3
73353,3
8873,1
23121,3
84042,0
96130,1
59531,3
87154,2
27150,2
46617,2
15241,1
16427,1
80720,0
63922,3
48376,0
96152,3
115332,0
24668,0
109190,1
62684,1
45362,2
31525,2
70530,1
82521,2
117280,3
82830,1
62092,3
4967,2
119390,3
359,3
117330,3
104795,0
91081,2
70228,1
73809,3
73805,1
48795,2
25793,3
26282,3
90347,0
74492,2
113775,3
100191,1
35908,3
50589,0
6716,2
119689,1
56546,2
14523,0
78951,2
41989,1
81735,2
113749,2
64619,1
34828,3
24893,0
72543,0
36479,1
27265,1
92117,0
14669,3
34135,3
78216,1
24145,3
77910,1
118523,1
72785,2
78713,1
41248,1
36411,3
42385,3
74787,3
20857,0
72578,1
69475,2
12459,1
37793,3
95077,0
8856,1
51201,0
74232,0
39594,2
94458,1
67773,1
26846,2
84851,2
73055,0
108600,2
111844,1
59385,1
82829,1
78500,0
80855,0
108075,0
61830,3
46062,3
95729,0
23524,2
36892,0
109004,1
63682,2
68095,0
55879,1
54126,1
66126,1
93060,3
80660,0
74388,2
67329,0
99889,3
72187,3
107753,0
18399,1
84240,1
35226,1
117046,0
15723,3
98150,0
46072,2
41908,3
77006,0
73309,2
106933,3
52772,0
14785,3
72230,3
86156,0
115031,3
66922,3
86281,3
62016,0
1708,1
6677,0
106997,3
57619,3
41117,2
104181,1
47365,0
89569,1
76765,1
51297,1
81270,0
89519,0
3884,1
40562,1
53841,1
105365,2
12053,2
115973,1
52906,1
114509,2
119919,0
4566,1
4420,2
82809,2
19927,1
91267,2
11992,0
14450,0
91949,1
52996,1
104121,1
25996,0
99395,0
40045,0
99658,2
68816,1
80311,0
77943,0
63687,2
73403,3
41206,1
100782,3
19938,1
52491,3
66841,3
65387,2
112099,2
86176,1
45642,0
105343,2
91373,1
98255,3
60586,1
61151,3
14260,1
116783,2
82681,0
119042,2
98029,0
88794,1
61675,3
54805,3
103157,2
68590,0
92611,1
90477,1
28267,2
6485,2
81706,2
60925,1
1506,3
69341,0
83513,1
35097,0
115385,1
79399,3
8098,2
71866,1
21569,3
25634,3
13575,1
31350,0
70272,1
23394,1
114807,0
42179,2
48031,0
26810,2
1311,0
9004,3
73078,3
36172,0
59576,0
91785,1
55111,1
5637,2
26343,0
62358,0
16265,0
33230,2
76162,2
71582,2
107505,3
32261,0
11211,0
42637,3
60095,1
51354,2
51234,1
23799,2
25169,1
93317,2
74918,1
84407,3
11024,2
112719,1
76179,0
104751,1
103124,1
99858,2
29021,1
103739,2
83288,3
64285,3
96072,2
84311,1
29082,1
25895,3
48260,2
67055,1
48094,1
98810,3
47912,1
95794,0
101408,2
64931,0
50520,1
94210,1
113316,1
94901,0
12456,0
33392,1
34465,3
101743,2
119947,0
71696,0
6447,3
80847,1
71423,2
94746,1
80712,0
52980,0
109576,3
114344,0
80057,2
71887,2
15243,1
16193,2
68059,2
10860,0
22739,0
76776,3
1299,0
1960,3
80041,0
79552,1
46348,3
61352,2
85744,2
107242,3
117925,0
5335,3
80811,1
94541,0
105841,0
12521,1
27034,2
35793,1
27824,2
3299,3
105936,1
83342,0
57191,3
6006,0
74028,3
98514,1
93410,0
90696,1
39705,1
90162,3
104174,2
64942,2
75598,2
5420,3
113870,3
108893,1
111599,3
26843,1
41173,3
101325,0
107294,2
81795,0
88939,1
96205,3
3869,1
76612,3
90929,3
65733,2
107814,1
45527,3
92431,2
88224,3
79374,1
119400,1
37270,2
73190,1
74706,3
100150,1
33469,2
14663,0
71778,1
75985,2
25409,3
55070,2
78176,2
31259,0
118609,1
24353,0
79794,3
28703,2
116944,3
90870,1
91360,2
73587,0
26614,3
8223,2
91114,2
80659,1
20177,1
11895,1
32413,1
6669,0
115225,1
72792,3
19697,3
60706,1
94559,1
103703,1
62530,1
93137,3
73625,3
93952,2
23759,3
2040,1
33126,1
118346,1
32514,3
117742,1
57041,2
47212,0
107959,0
115381,2
81091,0
84932,3
62871,0
45521,1
108950,1
98573,1
8089,1
73022,3
20054,2
111376,3
1194,2
44216,2
2083,2
6366,0
1129,3
3422,0
89003,0
28487,3
79107,2
101194,2
93697,1
13743,1
28351,1
118310,3
70466,0
48328,1
7544,1
31830,0
7685,3
113115,2
225,3
68958,2
49042,1
69161,3
91214,2
2635,2
12232,0
101893,0
117418,2
14357,3
51787,0
115159,0
56417,2
32389,0
20420,3
44657,0
59710,3
74334,1
87295,3
4764,3
40821,1
109193,1
30355,1
31682,1
48809,0
95105,3
71723,2
25251,0
101668,0
16212,3
52487,3
565,1
116044,0
50756,3
14389,0
119431,1
56051,0
101349,2
78350,1
45388,2
56840,3
19139,0
2186,3
59193,0
99892,3
43733,2
117425,2
81945,3
41525,2
86897,0
77782,3
79671,1
35618,2
96455,2
97565,3
96947,2
89722,3
33823,0
4237,0
22717,0
100524,3
91445,2
91721,1
89494,1
83909,3
25392,0
63560,0
73411,1
13680,0
13810,1
101152,3
8786,0
81616,1
22200,0
45150,0
110526,2
43488,2
93577,2
113041,2
81587,1
103921,3
100878,0
32457,0
96926,1
5609,0
31952,0
51853,1
101569,0
32966,0
56711,2
11434,0
64522,3
6841,0
98113,2
59949,3
110806,2
84608,0
114020,1
93714,0
29101,2
22168,0
32716,0
90610,0
36490,3
89400,2
28184,3
32004,0
9104,2
36962,3
29176,2
90336,2
71806,2
18160,0
44695,0
1465,1
40601,0
62794,3
51438,1
19307,3
60149,2
87068,3
109465,3
77247,3
76678,1
110696,1
94265,0
72709,1
17097,1
85907,0
20808,0
59879,3
68109,0
97878,2
107861,2
8259,0
99760,2
6205,3
34306,3
44498,2
99563,1
31507,2
84859,2
119248,2
81963,2
17507,0
5256,2
12162,3
52256,2
19449,1
32830,1
44017,3
11957,3
52053,1
78343,0
9070,2
32835,2
52913,2
85317,3
94821,2
95129,2
115236,3
3224,0
92267,2
36545,0
65866,0
1537,2
83597,1
76630,0
111016,3
41855,1
14859,2
78120,1
42350,3
16314,2
33819,3
103696,1
56505,2
38825,0
117485,3
12028,2
69278,1
17774,1
7192,3
5856,1
112850,2
88059,3
118731,3
58605,3
112077,3
11878,3
67124,3
104662,0
95534,2
106546,2
90074,2
72880,0
72956,3
54305,0
115707,2
87918,2
74229,2
58765,3
31783,2
110966,0
5412,0
97409,1
61613,2
21056,0
103662,3
43869,1
11537,2
94817,0
103079,1
38667,0
5388,2
85458,0
39263,1
18118,3
68335,3
7621,3
34940,3
61313,3
17520,3
86485,3
24907,1
10493,2
22289,0
110081,0
628,1
59262,3
81190,2
28075,1
35276,3
72533,1
104147,3
99912,1
13878,1
71400,2
116777,2
39089,0
7934,2
13065,0
30986,1
35971,2
36361,3
70544,0
31303,0
99869,3
64990,1
94019,2
109908,1
52886,3
45227,2
27136,3
5366,0
98082,1
52534,0
50164,2
13962,0
72252,2
15806,3
6305,0
101584,3
26319,3
96392,1
69974,0
110518,1
72088,1
119717,0
60469,0
23969,1
98922,3
116646,3
52055,2
95532,1
34311,3
24495,3
118197,3
44635,1
103760,2
54883,2
112353,0
56727,0
31971,0
87723,3
30891,2
5083,0
75035,3
67858,3
90108,1
22342,1
29584,1
82754,1
112198,1
16420,2
47976,1
52128,0
108962,0
110581,1
74956,2
18120,0
49945,1
99357,2
15247,2
34119,0
26902,0
108037,2
6802,1
51868,2
58368,3
79636,2
73947,3
27978,1
46555,1
115539,3
17752,3
3146,3
92647,3
45785,2
114779,3
98549,2
22830,1
33665,0
30920,2
70765,2
41863,2
91471,3
12526,3
119632,2
10391,0
98480,2
14456,1
82886,3
107493,1
114608,0
1868,3
54093,3
57892,2
108586,3
66515,1
51855,2
50851,3
13571,0
50585,1
86849,0
4097,2
73978,3
14744,0
82825,3
80785,0
47825,1
67762,3
109122,0
61666,2
49025,3
90590,2
127,3
104692,3
46005,1
36766,3
29305,0
4791,2
46090,1
58666,3
1185,0
107556,1
3323,0
30121,1
37626,3
101235,3
30012,1
65500,3
93752,2
18467,0
116271,0
80069,2
26053,3
32648,2
5282,3
105957,1
61348,0
57208,2
86593,1
101614,0
87012,2
82890,2
60012,2
93322,2
95276,3
27135,2
60738,1
38473,3
