id,image_id,total_shapes
0,0,11
1,2,11
2,3,11
3,4,11
4,5,13
5,6,13
6,7,13
7,8,13
8,11,15
9,15,17
10,17,17
11,18,17
12,19,17
13,21,19
14,23,19
15,24,19
16,25,21
17,26,21
18,27,21
19,28,21
20,29,21
21,30,23
22,31,23
23,32,23
24,33,23
25,36,25
26,37,25
27,38,25
28,41,28
29,44,28
30,46,32
31,48,32
32,50,36
33,51,36
34,52,36
35,53,36
36,54,36
37,55,40
38,56,40
39,57,40
40,59,40
41,60,44
42,61,44
43,62,44
44,65,48
45,66,48
46,67,48
47,68,48
48,69,48
49,70,52
50,72,52
51,73,52
52,74,52
53,77,56
54,79,56
55,80,60
56,85,11
57,86,11
58,88,11
59,89,11
60,94,13
61,95,15
62,96,15
63,98,15
64,99,15
65,101,17
66,102,17
67,103,17
68,104,17
69,105,19
70,106,19
71,108,19
72,109,19
73,111,21
74,113,21
75,114,21
76,117,23
77,119,23
78,120,25
79,121,25
80,122,25
81,123,25
82,126,28
83,127,28
84,128,28
85,129,28
86,130,32
87,131,32
88,133,32
89,135,36
90,138,36
91,139,36
92,140,40
93,141,40
94,142,40
95,147,44
96,148,44
97,150,48
98,154,48
99,155,52
100,157,52
101,159,52
102,160,56
103,161,56
104,162,55
105,164,56
106,167,59
107,168,59
108,169,59
109,170,11
110,171,11
111,172,11
112,173,11
113,175,13
114,176,13
115,178,13
116,179,13
117,180,15
118,181,15
119,182,15
120,183,15
121,184,15
122,185,17
123,187,17
124,191,19
125,193,19
126,194,19
127,195,21
128,196,21
129,197,21
130,198,21
131,200,23
132,201,23
133,202,23
134,203,23
135,204,23
136,207,25
137,208,25
138,209,25
139,210,28
140,212,28
141,213,28
142,214,28
143,216,32
144,217,32
145,219,32
146,220,36
147,221,36
148,222,36
149,223,36
150,224,36
151,225,40
152,226,40
153,227,40
154,229,40
155,230,44
156,231,44
157,232,44
158,234,44
159,235,48
160,236,48
161,237,48
162,238,48
163,240,52
164,241,52
165,243,52
166,245,56
167,247,56
168,249,56
169,250,57
170,251,59
171,252,58
172,253,57
173,254,59
174,256,12
175,257,12
176,261,12
177,265,12
178,266,12
179,267,12
180,269,12
181,270,12
182,271,12
183,273,12
184,274,12
185,276,12
186,277,12
187,278,12
188,279,12
189,280,12
190,282,12
191,283,12
192,284,12
193,285,12
194,286,12
195,287,12
196,288,12
197,289,12
198,291,16
199,293,16
200,294,16
201,295,16
202,296,16
203,300,16
204,302,16
205,303,16
206,304,16
207,305,16
208,306,16
209,307,16
210,308,16
211,311,16
212,314,16
213,315,16
214,317,16
215,319,16
216,320,16
217,321,16
218,322,16
219,323,16
220,324,16
221,327,20
222,328,20
223,329,20
224,332,20
225,333,20
226,334,20
227,335,20
228,336,20
229,337,20
230,338,20
231,339,20
232,341,20
233,342,20
234,343,20
235,346,20
236,347,20
237,349,20
238,350,20
239,353,20
240,354,20
241,355,20
242,356,20
243,358,20
244,359,20
245,360,24
246,361,24
247,362,24
248,363,24
249,364,24
250,369,24
251,370,24
252,372,24
253,373,24
254,375,24
255,376,24
256,377,24
257,379,24
258,380,24
259,384,24
260,385,24
261,387,24
262,388,24
263,390,24
264,392,24
265,393,24
266,396,28
267,397,28
268,398,28
269,399,28
270,401,28
271,405,28
272,406,28
273,407,28
274,408,28
275,409,28
276,410,28
277,413,28
278,414,28
279,415,28
280,416,28
281,419,28
282,420,28
283,422,28
284,423,28
285,424,28
286,425,28
287,427,28
288,430,32
289,431,32
290,432,32
291,433,32
292,435,32
293,436,32
294,437,32
295,438,32
296,440,32
297,441,32
298,443,32
299,444,32
300,445,32
301,446,32
302,447,32
303,450,32
304,451,32
305,452,32
306,455,32
307,456,32
308,457,32
309,460,32
310,461,32
311,462,32
312,463,32
313,464,32
314,465,38
315,466,38
316,467,38
317,468,38
318,469,38
319,470,38
320,472,38
321,473,38
322,474,38
323,475,38
324,476,38
325,477,38
326,478,38
327,479,38
328,480,38
329,482,38
330,485,38
331,486,38
332,487,38
333,488,38
334,489,38
335,490,38
336,492,38
337,493,38
338,494,38
339,496,38
340,499,38
341,500,44
342,501,44
343,502,44
344,504,44
345,505,44
346,507,44
347,509,44
348,510,44
349,515,44
350,517,44
351,519,44
352,520,44
353,522,44
354,523,44
355,525,44
356,526,44
357,527,44
358,528,44
359,529,44
360,530,44
361,531,44
362,532,44
363,533,44
364,535,12
365,537,12
366,538,12
367,540,12
368,542,12
369,543,12
370,545,12
371,546,12
372,547,12
373,549,12
374,551,12
375,552,12
376,555,12
377,556,12
378,557,12
379,558,12
380,559,12
381,560,12
382,561,12
383,563,12
384,565,12
385,566,12
386,567,12
387,570,16
388,572,16
389,573,16
390,574,16
391,575,16
392,576,16
393,577,16
394,578,16
395,579,16
396,581,16
397,582,16
398,583,16
399,584,16
400,585,16
401,587,16
402,590,16
403,591,16
404,592,16
405,593,16
406,595,16
407,596,16
408,597,16
409,599,16
410,600,16
411,601,16
412,603,16
413,604,16
414,605,20
415,607,20
416,608,20
417,609,20
418,611,20
419,612,20
420,614,20
421,615,20
422,616,20
423,617,20
424,618,20
425,619,20
426,620,20
427,621,20
428,623,20
429,624,20
430,627,20
431,628,20
432,630,20
433,631,20
434,633,20
435,635,20
436,636,20
437,637,20
438,639,20
439,640,24
440,642,24
441,645,24
442,646,24
443,647,24
444,648,24
445,649,24
446,651,24
447,653,24
448,654,24
449,655,24
450,656,24
451,657,24
452,659,24
453,660,24
454,661,24
455,662,24
456,663,24
457,664,24
458,666,24
459,668,24
460,672,24
461,675,28
462,676,28
463,677,28
464,678,28
465,679,28
466,680,28
467,681,28
468,683,28
469,685,28
470,688,28
471,689,28
472,690,28
473,691,28
474,693,28
475,696,28
476,697,28
477,698,28
478,699,28
479,701,28
480,702,28
481,703,28
482,705,28
483,706,28
484,709,28
485,710,32
486,712,32
487,715,32
488,718,32
489,719,32
490,720,32
491,721,32
492,722,32
493,723,32
494,725,32
495,728,32
496,729,32
497,730,32
498,732,32
499,733,32
500,734,32
501,736,32
502,738,32
503,739,32
504,740,32
505,741,32
506,742,32
507,744,32
508,746,38
509,747,38
510,750,38
511,751,38
512,752,38
513,753,38
514,755,38
515,756,38
516,757,38
517,758,38
518,760,38
519,763,38
520,764,38
521,765,38
522,766,38
523,767,38
524,769,38
525,770,38
526,771,38
527,773,38
528,775,38
529,776,38
530,777,38
531,780,44
532,781,44
533,782,44
534,783,44
535,784,44
536,785,44
537,786,44
538,787,44
539,788,44
540,789,44
541,790,44
542,791,44
543,793,44
544,794,44
545,795,44
546,796,44
547,797,44
548,798,44
549,799,44
550,800,44
551,801,44
552,802,44
553,803,44
554,804,44
555,805,44
556,806,44
557,808,44
558,809,44
559,814,44
560,815,12
561,816,12
562,820,12
563,822,12
564,823,12
565,824,12
566,825,12
567,826,12
568,827,12
569,829,12
570,830,12
571,831,12
572,832,12
573,833,12
574,834,12
575,836,12
576,837,12
577,838,12
578,839,12
579,840,12
580,841,12
581,842,12
582,843,12
583,845,12
584,846,12
585,848,12
586,849,12
587,852,16
588,853,16
589,854,16
590,855,16
591,856,16
592,857,16
593,858,16
594,860,16
595,861,16
596,863,16
597,864,16
598,866,16
599,867,16
600,869,16
601,870,16
602,872,16
603,874,16
604,875,16
605,876,16
606,877,16
607,878,16
608,880,16
609,881,16
610,883,16
611,884,16
612,885,20
613,886,20
614,887,20
615,889,20
616,890,20
617,891,20
618,892,20
619,893,20
620,894,20
621,895,20
622,896,20
623,899,20
624,902,20
625,903,20
626,904,20
627,905,20
628,906,20
629,907,20
630,909,20
631,910,20
632,911,20
633,913,20
634,916,20
635,917,20
636,918,20
637,919,20
638,920,24
639,921,24
640,922,24
641,923,24
642,924,24
643,927,24
644,929,24
645,930,24
646,931,24
647,932,24
648,934,24
649,935,24
650,936,24
651,937,24
652,938,24
653,939,24
654,940,24
655,942,24
656,943,24
657,944,24
658,945,24
659,946,24
660,947,24
661,948,24
662,949,24
663,950,24
664,951,24
665,953,24
666,954,24
667,955,28
668,958,28
669,959,28
670,960,28
671,961,28
672,963,28
673,964,28
674,965,28
675,966,28
676,967,28
677,968,28
678,969,28
679,970,28
680,971,28
681,972,28
682,973,28
683,974,28
684,975,28
685,976,28
686,977,28
687,983,28
688,984,28
689,985,28
690,986,28
691,988,28
692,989,28
693,990,32
694,991,32
695,992,32
696,994,32
697,995,32
698,998,32
699,999,32
700,1000,32
701,1001,32
702,1002,32
703,1008,32
704,1010,32
705,1011,32
706,1012,32
707,1014,32
708,1015,32
709,1016,32
710,1017,32
711,1018,32
712,1020,32
713,1021,32
714,1023,32
715,1024,32
716,1025,38
717,1026,38
718,1029,38
719,1032,38
720,1033,38
721,1034,38
722,1037,38
723,1039,38
724,1040,38
725,1042,38
726,1044,38
727,1045,38
728,1046,38
729,1048,38
730,1049,38
731,1050,38
732,1052,38
733,1053,38
734,1054,38
735,1055,38
736,1056,38
737,1057,38
738,1058,38
739,1061,44
740,1063,44
741,1064,44
742,1065,44
743,1066,44
744,1070,44
745,1071,44
746,1072,44
747,1073,44
748,1074,44
749,1075,44
750,1076,44
751,1077,44
752,1078,44
753,1080,44
754,1081,44
755,1082,44
756,1083,44
757,1084,44
758,1086,44
759,1087,44
760,1088,44
761,1089,44
762,1091,44
763,1093,44
764,1096,15
765,1098,15
766,1099,15
767,1100,15
768,1101,15
769,1102,15
770,1105,15
771,1107,15
772,1108,15
773,1109,15
774,1111,15
775,1112,15
776,1114,15
777,1117,15
778,1119,15
779,1121,15
780,1123,15
781,1124,15
782,1125,15
783,1126,15
784,1127,15
785,1128,15
786,1129,15
787,1131,15
788,1132,15
789,1134,15
790,1136,15
791,1138,15
792,1139,15
793,1140,15
794,1141,15
795,1142,15
796,1144,15
797,1145,15
798,1146,15
799,1147,15
800,1148,15
801,1149,15
802,1151,15
803,1152,15
804,1155,18
805,1156,18
806,1157,18
807,1158,18
808,1161,18
809,1162,18
810,1163,18
811,1165,18
812,1166,18
813,1167,18
814,1169,18
815,1171,18
816,1172,18
817,1173,18
818,1176,18
819,1177,18
820,1178,18
821,1181,18
822,1182,18
823,1183,18
824,1184,18
825,1185,18
826,1186,18
827,1187,18
828,1188,18
829,1189,18
830,1190,18
831,1191,18
832,1192,18
833,1196,18
834,1197,18
835,1199,18
836,1201,18
837,1204,18
838,1205,18
839,1208,18
840,1209,18
841,1211,18
842,1212,18
843,1213,18
844,1214,18
845,1215,18
846,1218,18
847,1219,18
848,1220,18
849,1221,18
850,1222,18
851,1223,18
852,1224,18
853,1225,18
854,1226,18
855,1227,18
856,1229,18
857,1230,18
858,1233,18
859,1237,21
860,1238,21
861,1239,21
862,1240,21
863,1241,21
864,1242,21
865,1244,21
866,1245,21
867,1246,21
868,1247,21
869,1248,21
870,1249,21
871,1252,21
872,1253,21
873,1254,21
874,1255,21
875,1256,21
876,1258,21
877,1259,21
878,1263,21
879,1264,21
880,1265,21
881,1266,21
882,1267,21
883,1268,21
884,1269,21
885,1270,21
886,1271,21
887,1273,21
888,1274,21
889,1275,21
890,1277,21
891,1278,21
892,1279,21
893,1281,21
894,1287,21
895,1288,21
896,1290,21
897,1291,21
898,1292,21
899,1293,21
900,1294,21
901,1295,21
902,1296,21
903,1297,21
904,1298,21
905,1299,21
906,1300,21
907,1301,21
908,1302,21
909,1303,21
910,1304,21
911,1306,21
912,1307,21
913,1308,21
914,1310,21
915,1311,21
916,1313,21
917,1315,24
918,1317,24
919,1318,24
920,1319,24
921,1321,24
922,1324,24
923,1325,24
924,1326,24
925,1329,24
926,1331,24
927,1335,24
928,1337,24
929,1338,24
930,1339,24
931,1341,24
932,1342,24
933,1343,24
934,1345,24
935,1346,24
936,1347,24
937,1348,24
938,1349,24
939,1350,24
940,1351,24
941,1352,24
942,1354,24
943,1355,24
944,1356,24
945,1357,24
946,1358,24
947,1359,24
948,1360,24
949,1361,24
950,1362,24
951,1363,24
952,1365,24
953,1366,24
954,1368,24
955,1373,24
956,1374,24
957,1375,24
958,1376,24
959,1379,24
960,1380,24
961,1382,24
962,1383,24
963,1385,24
964,1386,24
965,1387,24
966,1388,24
967,1390,24
968,1391,24
969,1394,24
970,1395,27
971,1396,27
972,1397,27
973,1402,27
974,1403,27
975,1404,27
976,1405,27
977,1407,27
978,1408,27
979,1409,27
980,1410,27
981,1411,27
982,1412,27
983,1415,27
984,1416,27
985,1417,27
986,1418,27
987,1419,27
988,1422,27
989,1423,27
990,1424,27
991,1426,27
992,1427,27
993,1428,27
994,1429,27
995,1431,27
996,1432,27
997,1433,27
998,1434,27
999,1435,27
1000,1436,27
1001,1438,27
1002,1439,27
1003,1441,27
1004,1442,27
1005,1444,27
1006,1445,27
1007,1446,27
1008,1448,27
1009,1450,27
1010,1452,27
1011,1453,27
1012,1455,27
1013,1456,27
1014,1457,27
1015,1458,27
1016,1459,27
1017,1462,27
1018,1463,27
1019,1464,27
1020,1465,27
1021,1467,27
1022,1468,27
1023,1469,27
1024,1470,27
1025,1473,27
1026,1474,27
1027,1475,30
1028,1476,30
1029,1478,30
1030,1479,30
1031,1480,30
1032,1482,30
1033,1483,30
1034,1484,30
1035,1486,30
1036,1487,30
1037,1488,30
1038,1489,30
1039,1490,30
1040,1491,30
1041,1492,30
1042,1494,30
1043,1495,30
1044,1496,30
1045,1497,30
1046,1498,30
1047,1499,30
1048,1500,30
1049,1501,30
1050,1502,30
1051,1503,30
1052,1504,30
1053,1505,30
1054,1506,30
1055,1508,30
1056,1510,30
1057,1512,30
1058,1514,30
1059,1515,30
1060,1516,30
1061,1517,30
1062,1518,30
1063,1519,30
1064,1521,30
1065,1522,30
1066,1524,30
1067,1525,30
1068,1526,30
1069,1527,30
1070,1528,30
1071,1529,30
1072,1530,30
1073,1532,30
1074,1533,30
1075,1534,30
1076,1537,30
1077,1538,30
1078,1540,30
1079,1541,30
1080,1543,30
1081,1544,30
1082,1545,30
1083,1546,30
1084,1548,30
1085,1549,30
1086,1550,30
1087,1552,30
1088,1553,30
1089,1555,36
1090,1558,36
1091,1560,36
1092,1561,36
1093,1563,36
1094,1565,36
1095,1566,36
1096,1568,36
1097,1569,36
1098,1570,36
1099,1571,36
1100,1572,36
1101,1573,36
1102,1574,36
1103,1575,36
1104,1579,36
1105,1583,36
1106,1584,36
1107,1586,36
1108,1587,36
1109,1588,36
1110,1589,36
1111,1590,36
1112,1592,36
1113,1593,36
1114,1594,36
1115,1597,36
1116,1598,36
1117,1601,36
1118,1603,36
1119,1604,36
1120,1605,36
1121,1606,36
1122,1609,36
1123,1611,36
1124,1612,36
1125,1613,36
1126,1615,36
1127,1617,36
1128,1618,36
1129,1619,36
1130,1620,36
1131,1622,36
1132,1623,36
1133,1624,36
1134,1625,36
1135,1626,36
1136,1627,36
1137,1628,36
1138,1629,36
1139,1631,36
1140,1632,36
1141,1633,36
1142,1634,36
1143,1635,42
1144,1636,42
1145,1638,42
1146,1641,42
1147,1642,42
1148,1643,42
1149,1644,42
1150,1646,42
1151,1647,42
1152,1648,42
1153,1649,42
1154,1653,42
1155,1654,42
1156,1655,42
1157,1656,42
1158,1659,42
1159,1661,42
1160,1662,42
1161,1664,42
1162,1665,42
1163,1666,42
1164,1668,42
1165,1671,42
1166,1672,42
1167,1673,42
1168,1674,42
1169,1675,42
1170,1676,42
1171,1677,42
1172,1678,42
1173,1679,42
1174,1680,42
1175,1681,42
1176,1683,42
1177,1684,42
1178,1685,42
1179,1690,42
1180,1691,42
1181,1692,42
1182,1693,42
1183,1694,42
1184,1696,42
1185,1698,42
1186,1701,42
1187,1702,42
1188,1703,42
1189,1706,42
1190,1707,42
1191,1709,42
1192,1710,42
1193,1711,42
1194,1713,42
1195,1714,42
1196,1715,48
1197,1716,48
1198,1717,48
1199,1718,48
1200,1719,48
1201,1720,48
1202,1721,48
1203,1724,48
1204,1726,48
1205,1727,48
1206,1729,48
1207,1731,48
1208,1732,48
1209,1733,48
1210,1734,48
1211,1736,48
1212,1737,48
1213,1738,48
1214,1739,48
1215,1740,48
1216,1741,48
1217,1742,48
1218,1744,48
1219,1746,48
1220,1747,48
1221,1748,48
1222,1749,48
1223,1752,48
1224,1754,48
1225,1755,48
1226,1756,48
1227,1757,48
1228,1758,48
1229,1759,48
1230,1760,48
1231,1761,48
1232,1762,48
1233,1763,48
1234,1764,48
1235,1765,48
1236,1766,48
1237,1767,48
1238,1768,48
1239,1769,48
1240,1770,48
1241,1773,48
1242,1775,48
1243,1776,48
1244,1780,48
1245,1781,48
1246,1784,48
1247,1785,48
1248,1786,48
1249,1787,48
1250,1788,48
1251,1789,48
1252,1790,48
1253,1792,48
1254,1794,48
